merchant_ari,instore_landing_page_url,is_estimated_tax_rate_active,estimated_tax_rate,is_instore_page_active,sandbox_enabled,instore_presentation_config,sms_instore_enabled,sms_instore_link_template
FMDC73C8XC86E5TB,classicaudi,y,0.13,y,y,"{""can_edit_loan_amount"": true, ""faq_questions"": {""enter_amount_page"": [], ""payment_instrument_page"": [], ""prequal_success_page"": [], ""return_page"": []}, ""faq_title"": """", ""payment_instrument_page_subtitle"": """", ""payment_instrument_page_title"": """", ""payment_instrument_type"": ""card""}",y,Affirm: Get started at {{url}}
RUOEGA35IQ1032NJ,audiflatirons,y,0.13,y,y,"{""can_edit_loan_amount"": true, ""faq_questions"": {""enter_amount_page"": [], ""payment_instrument_page"": [], ""prequal_success_page"": [], ""return_page"": []}, ""faq_title"": """", ""payment_instrument_page_subtitle"": """", ""payment_instrument_page_title"": """", ""payment_instrument_type"": ""card""}",y,Affirm: Get started at {{url}}
Q4LX1HW2BH798SIH,audiboulderservice,y,0.13,y,y,"{""can_edit_loan_amount"": true, ""faq_questions"": {""enter_amount_page"": [], ""payment_instrument_page"": [], ""prequal_success_page"": [], ""return_page"": []}, ""faq_title"": """", ""payment_instrument_page_subtitle"": """", ""payment_instrument_page_title"": """", ""payment_instrument_type"": ""card""}",y,Affirm: Get started at {{url}}
D871E8ZHMT3ZXI9L,audifortwashington,y,0.13,y,y,"{""can_edit_loan_amount"": true, ""faq_questions"": {""enter_amount_page"": [], ""payment_instrument_page"": [], ""prequal_success_page"": [], ""return_page"": []}, ""faq_title"": """", ""payment_instrument_page_subtitle"": """", ""payment_instrument_page_title"": """", ""payment_instrument_type"": ""card""}",y,Affirm: Get started at {{url}}
GXVCC3RFXOG21Q51,audimarin,y,0.13,y,y,"{""can_edit_loan_amount"": true, ""faq_questions"": {""enter_amount_page"": [], ""payment_instrument_page"": [], ""prequal_success_page"": [], ""return_page"": []}, ""faq_title"": """", ""payment_instrument_page_subtitle"": """", ""payment_instrument_page_title"": """", ""payment_instrument_type"": ""card""}",y,Affirm: Get started at {{url}}
RED4ABLQIJVBIDVI,audimassapequa,y,0.13,y,y,"{""can_edit_loan_amount"": true, ""faq_questions"": {""enter_amount_page"": [], ""payment_instrument_page"": [], ""prequal_success_page"": [], ""return_page"": []}, ""faq_title"": """", ""payment_instrument_page_subtitle"": """", ""payment_instrument_page_title"": """", ""payment_instrument_type"": ""card""}",y,Affirm: Get started at {{url}}