merchant_ari,created_by,financing_program_v2_uuid,is_active,is_default,name,priority,rule_criteria,start_date
7KEU0TABF8VYEAKM,peter.durlacher@affirm.com,cc017447-6e95-42de-b7ef-70231922e251,,FALSE,,,"{
  ""rule_type"": ""amount_in_range"",
  ""rule_data"": {
  ""min_amount_cents"": 15000,
  ""max_amount_cents"": 50000
  },
  ""is_active"": true
  }",
7KEU0TABF8VYEAKM,peter.durlacher@affirm.com,1c726e07-b3ee-451b-846e-086b6e3f9a11,,FALSE,,,"{
  ""rule_type"": ""amount_in_range"",
  ""rule_data"": {
  ""min_amount_cents"": 50000,
  ""max_amount_cents"": 100000
  },
  ""is_active"": true
  }",
7KEU0TABF8VYEAKM,peter.durlacher@affirm.com,4f180eee-d5c5-417e-8a39-3208f583df4a,,TRUE,,,,