merchant_ari,name,priority,financing_program_external_name,start_date,end_date,experiment_name,rule_type,rule_data
AGLAYPBWPPOXUA48,splitpay 0 - 30k,1,splitpay,,,,amount_in_range,"{""max_amount_cents"": 3000000,""min_amount_cents"": 0}"
XG966KZKSXXF2MM6,splitpay 0 - 30k,1,splitpay,,,,amount_in_range,"{""max_amount_cents"": 3000000,""min_amount_cents"": 0}"
10MFBTTOT2FW176P,splitpay 0 - 30k,1,splitpay,,,,amount_in_range,"{""max_amount_cents"": 3000000,""min_amount_cents"": 0}"
VZUS64IU258WG24P,splitpay 0 - 30k,1,splitpay,,,,amount_in_range,"{""max_amount_cents"": 3000000,""min_amount_cents"": 0}"
4D2HUGHC5AS4I2P1,splitpay 0 - 30k,1,splitpay,,,,amount_in_range,"{""max_amount_cents"": 3000000,""min_amount_cents"": 0}"
NKA9CL9HZ2HEHHXU,splitpay 0 - 30k,1,splitpay,,,,amount_in_range,"{""max_amount_cents"": 3000000,""min_amount_cents"": 0}"
IN2Z9ASXIFFM3TMW,splitpay 0 - 30k,1,splitpay,,,,amount_in_range,"{""max_amount_cents"": 3000000,""min_amount_cents"": 0}"
L17HKLIA1YLVIYW5,splitpay 0 - 30k,1,splitpay,,,,amount_in_range,"{""max_amount_cents"": 3000000,""min_amount_cents"": 0}"
MZRV18JQTBL5Y4MM,splitpay 0 - 30k,1,splitpay,,,,amount_in_range,"{""max_amount_cents"": 3000000,""min_amount_cents"": 0}"
KNYEJJXOXKZKAWDL,splitpay 0 - 30k,1,splitpay,,,,amount_in_range,"{""max_amount_cents"": 3000000,""min_amount_cents"": 0}"
A2DNT01REOS7EY2L,splitpay 0 - 30k,1,splitpay,,,,amount_in_range,"{""max_amount_cents"": 3000000,""min_amount_cents"": 0}"
GJAHDQTNUYYP7XI7,splitpay 0 - 30k,1,splitpay,,,,amount_in_range,"{""max_amount_cents"": 3000000,""min_amount_cents"": 0}"
YR7M8YR3B3HDV0L9,splitpay 0 - 30k,1,splitpay,,,,amount_in_range,"{""max_amount_cents"": 3000000,""min_amount_cents"": 0}"
89KSJWBF6T3UTCJB,splitpay 0 - 30k,1,splitpay,,,,amount_in_range,"{""max_amount_cents"": 3000000,""min_amount_cents"": 0}"
,,,,,,,amount_in_range,"{""max_amount_cents"": 3000000,""min_amount_cents"": 0}"