merchant_ari,sms_keyword,display_name
7WCREV99P4DHQJFO,SLEEPWORLD1,SUNNYVALE
BC7KRVLTYUMLNFE2,SLEEPWORLD10,SAN MATEO
L9PS5QLBAH6VW6V4,SLEEPWORLD11,SAN FRANCISCO
L46YMLR2QN8Z6GMX,SLEEPWORLD12,SAN RAFAEL
YG7Y02CI2JJGT1S3,SLEEPWORLD13,FAIRFIELD
922Z6D591G11TC2P,SLEEPWORLD14,STOCKTON
RT2FK6CPNYGYX0U1,SLEEPWORLD15,GILROY
O7OHQPJ8JY2KTL2G,SLEEPWORLD16,UNION CITY
Z70KA3HK559C3TVL,SLEEPWORLD17,MODESTO
W83VX5KAF08F3F8W,SLEEPWORLD18,SANTA ROSA
B7FN5Y1XUU4ZMWFL,SLEEPWORLD19,TRACY
H4BYN4MRYRPNMT2M,SLEEPWORLD2,SAN JOSE
35VOHGOUDSTYXVP5,SLEEPWORLD20,BERKELEY
L3ONFRFMRXOXXL14,SLEEPWORLD21,PITTSBURG
JNT0LL8QG3YJHPNG,SLEEPWORLD22,WALNUT CREEK
6J01ZGBR49XQ8S4J,SLEEPWORLD23,SARATOGA
P70PRUA5S2XBBBFA,SLEEPWORLD24,SOQUEL
NLFBGZGJOLOZ0STZ,SLEEPWORLD25,FREMONT
2IUDFUIQTFZRANLG,SLEEPWORLD26,SALINAS
HALDN0UZORM9X0WJ,SLEEPWORLD27,BRENTWOOD
S8FV8FDDP7N84EM9,SLEEPWORLD28,STEVENS CREEK
TII3NGMND5G2KMHG,SLEEPWORLD29,WEB SALES
2SC88C64MTI61AR7,SLEEPWORLD3,LOS ALTOS
53H4SE91RUGVF5M6,SLEEPWORLD30,COLMA
G6X7AIX5GO6VAQTF,SLEEPWORLD31,NOVATO
ULRW0SQYF0SRW0JG,SLEEPWORLD32,PETALUMA
FCIABI5RSD0PT928,SLEEPWORLD33,ALAMEDA
TW7KRFWFKI7MOIQ5,SLEEPWORLD34,CAMPBELL
BKHK6MUYRWOYWRYS,SLEEPWORLD35,PALO ALTO
DDGP653P9YMT7RQS,SLEEPWORLD36,SAN RAMON
W4JME5J1QMZJFUJ9,SLEEPWORLD37,MILPITAS
X575EVRZIH9U69XF,SLEEPWORLD38,LIVERMORE
PDQWSLJ4JRJQDRTN,SLEEPWORLD4,SANTA CLARA
W6II8VAEXCLKFKG1,SLEEPWORLD40,MONTEREY
XG84A5IXDMK2PXM6,SLEEPWORLD41,EVERGREEN
2IIRD00LAUY95BK6,SLEEPWORLD42,BURLINGAME
JBUF8AQMIFDVMIS2,SLEEPWORLD43,LOS GATOS
6NDJM5X5B3Y9BQ92,SLEEPWORLD5,DUBLIN
SSAMUZLGY11GZIMR,SLEEPWORLD6,SAN FRANCISCO
GOMJSLJ8R5697DW2,SLEEPWORLD7,CONCORD
6YVNT6DNQXKHM8KI,SLEEPWORLD8,PINOLE
X5X6WFI6ENZ2UGII,SLEEPWORLD9,REDWOOD CITY