merchant_ari,name,domain,admin_first_name,admin_last_name,admin_email,admin_phone_number,customer_support_first_name,customer_support_last_name,customer_support_email,customer_support_phone_number,tech_support_first_name,tech_support_last_name,tech_support_email,tech_support_phone_number,fraud_contact_first_name,fraud_contact_last_name,fraud_contact_email,fraud_contact_phone_number,tax_id_ein,mailing_address,state_of_incorporation,state,city,zip_code,country,state_corporation_number,settlement_bank_routing_number,settelement_bank_account_number,settlement_bank_account_type,settlement_bank_account_state,oms_escalation_contact
8SMABBF5J214PDBB,Fields Auto Team,,,,,,,,,,,,,,,,,,,,None,None,,,,,,,checking,disbursable,
7NJ08P0HG7R10FBF,Ray Catena Auto Group,,,,,,,,,,,,,,,,,,,,None,None,,,,,,,checking,disbursable,
XP395TF1PO15YAVJ,|Valley Auto World, Inc|,,,,,,,,,,,,,,,,,,,,None,None,,,,,,,checking,disbursable,
32NBE7XRJ43J3JO8,Chapman Auto Stores,,,,,,,,,,,,,,,,,,,,None,None,,,,,,,checking,disbursable,
SIB727X3RVWZNZX4,Deacon Jones Group,,,,,,,,,,,,,,,,,,,,None,None,,,,,,,checking,disbursable,
TXBOC8ELXB5HVI73,Zamora Automotive Group,,,,,,,,,,,,,,,,,,,,None,None,,,,,,,checking,disbursable,
NKU2CEKCYHR6R5RW,Envision Motors,,,,,,,,,,,,,,,,,,,,None,None,,,,,,,checking,disbursable,
AU33PGCROR8W6PYC,The Niello Company,,,,,,,,,,,,,,,,,,,,None,None,,,,,,,checking,disbursable,
ZUZ08N6J4C5W7SS8,Sewickley Car Store,,,,,,,,,,,,,,,,,,,,None,None,,,,,,,checking,disbursable,
CSNLQ73K14AU7N2N,Royal Automotive Group,,,,,,,,,,,,,,,,,,,,None,None,,,,,,,checking,disbursable,
