name,domain,admin_first_name,admin_last_name,admin_email,admin_phone_number,customer_support_first_name,customer_support_last_name,customer_support_email,customer_support_phone_number,tech_support_first_name,tech_support_last_name,tech_support_email,tech_support_phone_number,fraud_contact_first_name,fraud_contact_last_name,fraud_contact_email,fraud_contact_phone_number,tax_id_ein,mailing_address,state_of_incorporation,state,city,zip_code,country,state_corporation_number,settlement_bank_routing_number,settelement_bank_account_number,settlement_bank_account_type,settlement_bank_account_state,oms_escalation_contact
Fields Auto Team,,,,,,,,,,,,,,,,,,,,None,None,,,,,,,checking,disbursable,
Ray Catena Auto Group,,,,,,,,,,,,,,,,,,,,None,None,,,,,,,checking,disbursable,
"Valley Auto World, Inc",,,,,,,,,,,,,,,,,,,,None,None,,,,,,,checking,disbursable,
Chapman Auto Stores,,,,,,,,,,,,,,,,,,,,None,None,,,,,,,checking,disbursable,
Deacon Jones Group,,,,,,,,,,,,,,,,,,,,None,None,,,,,,,checking,disbursable,
Zamora Automotive Group,,,,,,,,,,,,,,,,,,,,None,None,,,,,,,checking,disbursable,
Envision Motors,,,,,,,,,,,,,,,,,,,,None,None,,,,,,,checking,disbursable,
The Niello Company,,,,,,,,,,,,,,,,,,,,None,None,,,,,,,checking,disbursable,
Sewickley Car Store,,,,,,,,,,,,,,,,,,,,None,None,,,,,,,checking,disbursable,
Royal Automotive Group,,,,,,,,,,,,,,,,,,,,None,None,,,,,,,checking,disbursable,