merchant_ari,sms_keyword,display_name
RF5AW4792MDIPMFD,SGHC393,Denver Int'l Airport - Terminal A
RF5AW4792MDIPMFD,SGH4029,Cherry Creek Shoppng Lower
RF5AW4792MDIPMFD,SGH5699,Cherry Creek Shoppng Upper
RF5AW4792MDIPMFD,SGH5551,Denver Int'l Airport
RF5AW4792MDIPMFD,SGH9384,Denver International Airport
RF5AW4792MDIPMFD,SGH4652,Outlets at Castle Rock 208
RF5AW4792MDIPMFD,SGH4697,Outlets at Castle Rock 910
RF5AW4792MDIPMFD,SGH3729,Park Meadows Mall #2145
RF5AW4792MDIPMFD,SGH5712,Park Meadows Mall #1302
RF5AW4792MDIPMFD,SGH3946,Colorado Mills West
RF5AW4792MDIPMFD,SGH4072,Colorado Mills East
RF5AW4792MDIPMFD,SGH3136,FlatIron Crossing #2184
RF5AW4792MDIPMFD,SGH5367,The Orchard Town Center
RF5AW4792MDIPMFD,SGH2095,North Riverside Park Mall
RF5AW4792MDIPMFD,SGH2277,Lighthouse Place Premium
RF5AW4792MDIPMFD,SGH3187,Chicago O'Hare Int'l Airport T2
RF5AW4792MDIPMFD,SGH3199,The Shops at North Bridge
RF5AW4792MDIPMFD,SGH3411,Chicago O'Hare Int'l Airport T3
RF5AW4792MDIPMFD,SGH3966,Yorktown Center
RF5AW4792MDIPMFD,SGH4683,Chicago Ridge Mall
RF5AW4792MDIPMFD,SGH5530,Chicago O'Hare Int'l Airport T1
RF5AW4792MDIPMFD,SGH4278,Chicago Premium #1410
RF5AW4792MDIPMFD,SGH4280,Chicago Premium #1249
RF5AW4792MDIPMFD,SGH4930,Chicago Premium #973
RF5AW4792MDIPMFD,SGH5758,Water Tower Place
RF5AW4792MDIPMFD,SGH4868,Woodfield Mall Upper Lvl N
RF5AW4792MDIPMFD,SGH2563,Fashion Outl. of Chicago
RF5AW4792MDIPMFD,SGH5536,201 S Main St
RF5AW4792MDIPMFD,SGH5682,Block Thirty Seven
RF5AW4792MDIPMFD,SGH9517,900 North Michigan Shops
RF5AW4792MDIPMFD,SGH3740,Oakbrook Center
RF5AW4792MDIPMFD,SGH2309,Woodfield Mall Upper Lvl S
RF5AW4792MDIPMFD,SGH4245,Louis Joliet Mall
RF5AW4792MDIPMFD,SGH4630,Orland Square
RF5AW4792MDIPMFD,SGH5095,Promenade Bolingbrook
RF5AW4792MDIPMFD,SGH2033,Southlake Mall
RF5AW4792MDIPMFD,SGH2013,Tippecanoe Mall Kiosk
RF5AW4792MDIPMFD,SGH1995,Pleasant Prairie Premium
RF5AW4792MDIPMFD,SGH2314,West Towne Mall
RF5AW4792MDIPMFD,SGH3553,Deer Park Town Center
RF5AW4792MDIPMFD,SGH4177,Northbrook Court
RF5AW4792MDIPMFD,SGH4737,Brookfield Square
RF5AW4792MDIPMFD,SGH5041,Bayshore Town Center
RF5AW4792MDIPMFD,SGH5301,Outlets The Dells
RF5AW4792MDIPMFD,SGH5752,Johnson Creek Prem. Outl.
RF5AW4792MDIPMFD,SGH2449,Old Orchard Mall #N32
RF5AW4792MDIPMFD,SGH4058,Old Orchard Mall #A9
RF5AW4792MDIPMFD,SGH3427,Fox River Mall
RF5AW4792MDIPMFD,SGH4227,Mayfair Mall
RF5AW4792MDIPMFD,SGH3044,Great Lakes Crossings
RF5AW4792MDIPMFD,SGH3912,Grand Rapids Tanger Outl.
RF5AW4792MDIPMFD,SGH4333,Meridian Mall
RF5AW4792MDIPMFD,SGH4450,Briarwood Mall
RF5AW4792MDIPMFD,SGH4711,Birch Run Premium Outlets
RF5AW4792MDIPMFD,SGH5257,Franklin Park Mall
RF5AW4792MDIPMFD,SGH5330,The Mall Partridge Creek
RF5AW4792MDIPMFD,SGHE652,Tanger Outlet Howell
RF5AW4792MDIPMFD,SGH1506,Somerset Collection M
RF5AW4792MDIPMFD,SGH4952,Somerset Collection T
RF5AW4792MDIPMFD,SGH4074,Twelve Oaks Mall Upper
RF5AW4792MDIPMFD,SGH4456,Twelve Oaks Mall Lower
RF5AW4792MDIPMFD,SGH4264,Woodland Mall
RF5AW4792MDIPMFD,SGH2276,Miller Hill Mall
RF5AW4792MDIPMFD,SGH2740,Twin Cities Prem. Outlets
RF5AW4792MDIPMFD,SGH5056,Albertville Prem. Outlets
RF5AW4792MDIPMFD,SGH5057,Woodbury Lakes
RF5AW4792MDIPMFD,SGH5084,Minneapolis St Paul Int'l Arpt
RF5AW4792MDIPMFD,SGHC942,Minneapolis Int’l Airport
RF5AW4792MDIPMFD,SGHF389,Rosedale Center
RF5AW4792MDIPMFD,SGH4432,Mall of America N 1st Fl
RF5AW4792MDIPMFD,SGH4936,Mall of America W 2nd Fl
RF5AW4792MDIPMFD,SGH4329,Ridgedale Center
RF5AW4792MDIPMFD,SGH4434,Southdale Center
RF5AW4792MDIPMFD,SGH2108,Mall of America SW 3rd Fl
RF5AW4792MDIPMFD,SGH5764,Mall of America NE 2nd Fl
RF5AW4792MDIPMFD,SGH2300,Edinburgh Premium Outlets
RF5AW4792MDIPMFD,SGH3036,Fashion Mall at Keystone
RF5AW4792MDIPMFD,SGH3653,Mall St Matthews
RF5AW4792MDIPMFD,SGH3684,Paddock Shops
RF5AW4792MDIPMFD,SGH5361,Hamilton Town Center
RF5AW4792MDIPMFD,SGH5528,Clay Terrace
RF5AW4792MDIPMFD,SGH5721,The Fashion Mall Keystone
RF5AW4792MDIPMFD,SGH3761,Glenbrook Square Mall
RF5AW4792MDIPMFD,SGH2100,Oxmoor Center
RF5AW4792MDIPMFD,SGH2001,Greenwood Park Mall
RF5AW4792MDIPMFD,SGH2735,Outlet Shoppes Bluegrass W
RF5AW4792MDIPMFD,SGH4908,Outlet Shoppes Bluegrass E
RF5AW4792MDIPMFD,SGH1945,University Park Mall
RF5AW4792MDIPMFD,SGH2000,Castleton Square
RF5AW4792MDIPMFD,SGH1566,Redmond Town Center
RF5AW4792MDIPMFD,SGH1570,NorthTown Mall
RF5AW4792MDIPMFD,SGH1675,North Bend Prem. Outlets
RF5AW4792MDIPMFD,SGH2377,320 W 5th Ave
RF5AW4792MDIPMFD,SGH2970,Dimond Center
RF5AW4792MDIPMFD,SGH3927,University Village
RF5AW4792MDIPMFD,SGH4529,Outlet Collection Seattle
RF5AW4792MDIPMFD,SGH4589,Bellevue Square
RF5AW4792MDIPMFD,SGH4422,Southcenter Mall
RF5AW4792MDIPMFD,SGH4307,Capital Mall
RF5AW4792MDIPMFD,SGH4256,South Hill Mall
RF5AW4792MDIPMFD,SGH4341,Tacoma Mall
RF5AW4792MDIPMFD,SGH3034,Spokane Valley Mall
RF5AW4792MDIPMFD,SGH5011,Seattle Premium 368
RF5AW4792MDIPMFD,SGH5760,Seattle Premium 600D
RF5AW4792MDIPMFD,SGH4527,Alderwood Mall
RF5AW4792MDIPMFD,SGH1538,Crocker Park
RF5AW4792MDIPMFD,SGH3571,The Waterfront
RF5AW4792MDIPMFD,SGH4036,Beachwood Place Mall
RF5AW4792MDIPMFD,SGH4588,Pittsburgh Int'l Airport
RF5AW4792MDIPMFD,SGH4665,Grove City Prem. Outlets
RF5AW4792MDIPMFD,SGH5030,Washington Tanger Outlets
RF5AW4792MDIPMFD,SGH5250,Aurora Farms Prem. Outl.
RF5AW4792MDIPMFD,SGH2117,Belden Village Mall
RF5AW4792MDIPMFD,SGH2018,Ross Park Mall
RF5AW4792MDIPMFD,SGH4249,South Hills Village
RF5AW4792MDIPMFD,SGH4207,Southern Park Mall
RF5AW4792MDIPMFD,SGH1773,SouthPark Mall
RF5AW4792MDIPMFD,SGH3540,Summit Mall
RF5AW4792MDIPMFD,SGH3594,The Mall at Robinson
RF5AW4792MDIPMFD,SGH1914,French Mountain Commons
RF5AW4792MDIPMFD,SGH1915,Kittery Premium Outlets
RF5AW4792MDIPMFD,SGH2524,Merrimack Premium Outlets
RF5AW4792MDIPMFD,SGH3755,Fashion Outl. Niagara F.
RF5AW4792MDIPMFD,SGH3756,Waterloo Premium Outlets
RF5AW4792MDIPMFD,SGH4259,Settlers Green Outlet V.
RF5AW4792MDIPMFD,SGH4271,Fox Run Mall
RF5AW4792MDIPMFD,SGH4299,Bangor Mall
RF5AW4792MDIPMFD,SGH4347,Freeport Village Station
RF5AW4792MDIPMFD,SGH4420,Mall at Rockingham Park
RF5AW4792MDIPMFD,SGH4270,Mall of New Hampshire #125
RF5AW4792MDIPMFD,SGH4595,The Maine Mall
RF5AW4792MDIPMFD,SGH4353,Walden Galleria
RF5AW4792MDIPMFD,SGH4144,Crossgates Mall
RF5AW4792MDIPMFD,SGH5075,Destiny USA
RF5AW4792MDIPMFD,SGH4669,Eastview Mall
RF5AW4792MDIPMFD,SGH2964,Mall of New Hampshire #155
RF5AW4792MDIPMFD,SGH4443,Pheasant Lane Mall
RF5AW4792MDIPMFD,SGH2020,Cordova Mall
RF5AW4792MDIPMFD,SGH2145,Village Mall
RF5AW4792MDIPMFD,SGH2187,University Mall AL
RF5AW4792MDIPMFD,SGH2564,The Summit AL
RF5AW4792MDIPMFD,SGH3663,Silver Sands Premium Outlets
RF5AW4792MDIPMFD,SGH4020,The Mall Barnes Crossing
RF5AW4792MDIPMFD,SGH4402,Eastern Shore Centre
RF5AW4792MDIPMFD,SGH4759,Wiregrass Commons
RF5AW4792MDIPMFD,SGH4761,Bel Air Mall
RF5AW4792MDIPMFD,SGH4895,Outlet Shops Grand River
RF5AW4792MDIPMFD,SGH5039,The Shoppes at Eastchase
RF5AW4792MDIPMFD,SGH5541,Pier Park
RF5AW4792MDIPMFD,SGH5562,500 Grand Blvd
RF5AW4792MDIPMFD,SGH4069,Foley Tanger Outlets #E21B
RF5AW4792MDIPMFD,SGH4896,Foley Tanger Outlets #210
RF5AW4792MDIPMFD,SGH4933,Riverchase Galleria Mall
RF5AW4792MDIPMFD,SGH1126,Independence Mall
RF5AW4792MDIPMFD,SGH1938,Blowing Rock Tanger Outl.
RF5AW4792MDIPMFD,SGH2112,The Mall at Johnson City
RF5AW4792MDIPMFD,SGH3469,Concord Mills
RF5AW4792MDIPMFD,SGH3597,Jacksonville Mall
RF5AW4792MDIPMFD,SGH3733,Valley Hills Mall
RF5AW4792MDIPMFD,SGH3939,Greenville Mall
RF5AW4792MDIPMFD,SGH4641,Carolina Place Mall
RF5AW4792MDIPMFD,SGH5191,Birkdale Village
RF5AW4792MDIPMFD,SGH5270,Mayfaire Town Center
RF5AW4792MDIPMFD,SGH5371,Four Seasons Town Centre
RF5AW4792MDIPMFD,SGH2739,Charlotte Premium #260
RF5AW4792MDIPMFD,SGH4909,Charlotte Premium #855
RF5AW4792MDIPMFD,SGH4507,Hanes Mall El
RF5AW4792MDIPMFD,SGH4508,Hanes Mall AU
RF5AW4792MDIPMFD,SGH4910,Mebane Tanger Outlets #560
RF5AW4792MDIPMFD,SGH5681,Mebane Tanger Outlets #898
RF5AW4792MDIPMFD,SGH4435,Cross Creek Mall
RF5AW4792MDIPMFD,SGH4418,Northlake Mall
RF5AW4792MDIPMFD,SGH3958,SouthPark B4
RF5AW4792MDIPMFD,SGH5087,SouthPark K102
RF5AW4792MDIPMFD,SGH1224,Valdosta Mall
RF5AW4792MDIPMFD,SGH1238,Columbiana Centre
RF5AW4792MDIPMFD,SGH5044,The Ave at W Cobb
RF5AW4792MDIPMFD,SGH5550,The Shoppes River Cr.
RF5AW4792MDIPMFD,SGH3980,Outlet Shoppes Atl. #495
RF5AW4792MDIPMFD,SGH4901,Outlet Shoppes Atl. #460
RF5AW4792MDIPMFD,SGHA713,Crabtree Mall - Belk
RF5AW4792MDIPMFD,SGHA714,Haywood Mall - Belk
RF5AW4792MDIPMFD,SGHF560,Summit Mall - Belk
RF5AW4792MDIPMFD,SGHF561,Columbiana Mall - Belk
RF5AW4792MDIPMFD,SGHF562,Mt. Pleasant Mall - Belk
RF5AW4792MDIPMFD,SGHF563,Winston-Salem Mall - Belk
RF5AW4792MDIPMFD,SGHF564,Flowood Mall - Belk
RF5AW4792MDIPMFD,SGHF565,Bridgestreet Mall - Belk
RF5AW4792MDIPMFD,SGHA715,South Park Mall - Belk
RF5AW4792MDIPMFD,SGH3672,Augusta Mall
RF5AW4792MDIPMFD,SGH4154,Cumberland Mall
RF5AW4792MDIPMFD,SGH4505,Peachtree Mall
RF5AW4792MDIPMFD,SGH8489,Town Ctr Cobb
RF5AW4792MDIPMFD,SGH1830,Barefoot Landing
RF5AW4792MDIPMFD,SGH3572,The Streets at Southpoint
RF5AW4792MDIPMFD,SGH4039,Myrtle Beach Tanger 870
RF5AW4792MDIPMFD,SGH4229,Shops At Charleston Place
RF5AW4792MDIPMFD,SGH4397,Coastal Grand
RF5AW4792MDIPMFD,SGH5099,Myrtle Beach Mkt Common
RF5AW4792MDIPMFD,SGH5156,Triangle Town Center
RF5AW4792MDIPMFD,SGH5157,Carolina Premium Outlets
RF5AW4792MDIPMFD,SGH5241,North Hills
RF5AW4792MDIPMFD,SGH9574,Mount Pleasant Towne Ctr
RF5AW4792MDIPMFD,SGH4890,Charleston Tanger #861
RF5AW4792MDIPMFD,SGH5060,Charleston Tanger #781
RF5AW4792MDIPMFD,SGH5154,Crabtree Valley Mall South
RF5AW4792MDIPMFD,SGH3742,Broadway at the Beach S
RF5AW4792MDIPMFD,SGH4921,Broadway at the Beach N
RF5AW4792MDIPMFD,SGH5255,Crabtree Valley Mall North
RF5AW4792MDIPMFD,SGH3746,Myrtle Beach Tanger D110
RF5AW4792MDIPMFD,SGH4729,Myrtle Beach Tanger N215
RF5AW4792MDIPMFD,SGH1843,Church St Inn and Shops
RF5AW4792MDIPMFD,SGH4892,French Quarter Inn and S.
RF5AW4792MDIPMFD,SGH1712,WestGate Mall SC
RF5AW4792MDIPMFD,SGH4439,Asheville Mall
RF5AW4792MDIPMFD,SGH5359,Asheville Outlets
RF5AW4792MDIPMFD,SGH1267,Haywood Mall
RF5AW4792MDIPMFD,SGH1754,Gaffney Premium Outlets W
RF5AW4792MDIPMFD,SGH4900,Gaffney Premium Outlets E
RF5AW4792MDIPMFD,SGH3273,Arbor Place
RF5AW4792MDIPMFD,SGH4891,Hilton Head Int'l Airport
RF5AW4792MDIPMFD,SGH5252,The Shoppes at Webb Gin
RF5AW4792MDIPMFD,SGH5690,The Ave at E Cobb
RF5AW4792MDIPMFD,SGH2950,Hilton Head Tanger F130
RF5AW4792MDIPMFD,SGH6133,Hilton Head Tanger C340
RF5AW4792MDIPMFD,SGH3283,Lenox Square
RF5AW4792MDIPMFD,SGH4680,Lenox Square Lower
RF5AW4792MDIPMFD,SGH5294,Mall of Georgia #2023A
RF5AW4792MDIPMFD,SGH4637,North Georgia Premium 455
RF5AW4792MDIPMFD,SGH4893,North Georgia Premium 580
RF5AW4792MDIPMFD,SGH3202,Savannah Tanger #397
RF5AW4792MDIPMFD,SGH4912,Savannah Tanger #6
RF5AW4792MDIPMFD,SGH3040,Avalon Mall GA
RF5AW4792MDIPMFD,SGH4546,Phipps Plaza
RF5AW4792MDIPMFD,SGH4894,Commerce Tanger Outlets
RF5AW4792MDIPMFD,SGH5362,The Collection at Forsyth
RF5AW4792MDIPMFD,SGHD185,Locust Grove
RF5AW4792MDIPMFD,SGH5816,Perimeter Mall 2385
RF5AW4792MDIPMFD,SGH3644,Mall of Georgia #1014
RF5AW4792MDIPMFD,SGH4986,Oglethorpe Mall
RF5AW4792MDIPMFD,SGH383,Perimeter Mall 204
RF5AW4792MDIPMFD,SGH3614,Sugarloaf Mills
RF5AW4792MDIPMFD,SGH2113,Mall of Abilene
RF5AW4792MDIPMFD,SGH2168,Sunset Mall
RF5AW4792MDIPMFD,SGH3551,Tanger Outlets San Marcos
RF5AW4792MDIPMFD,SGH3688,Killeen Mall
RF5AW4792MDIPMFD,SGH4082,Richland Mall
RF5AW4792MDIPMFD,SGH4585,Post Oak Mall
RF5AW4792MDIPMFD,SGH5535,Hill Country Galleria
RF5AW4792MDIPMFD,SGHF586,2nd Street District
RF5AW4792MDIPMFD,SGHF635,Fort Hood
RF5AW4792MDIPMFD,SGH461,Barton Creek Square
RF5AW4792MDIPMFD,SGH4929,Round Rock Premium #879
RF5AW4792MDIPMFD,SGH5051,Round Rock Premium #739
RF5AW4792MDIPMFD,SGH4649,San Marcos Premium 720
RF5AW4792MDIPMFD,SGH4738,San Marcos Premium 507
RF5AW4792MDIPMFD,SGH6139,The Domain
RF5AW4792MDIPMFD,SGH1505,Lakeline Mall
RF5AW4792MDIPMFD,SGH1270,Cottonwood Mall
RF5AW4792MDIPMFD,SGH1868,Animas Valley Mall
RF5AW4792MDIPMFD,SGH2179,Mesilla Valley Mall
RF5AW4792MDIPMFD,SGH4186,Westgate Mall TX
RF5AW4792MDIPMFD,SGH4275,Music City Mall
RF5AW4792MDIPMFD,SGH4572,Sunland Park Mall
RF5AW4792MDIPMFD,SGH4581,Midland Park Mall
RF5AW4792MDIPMFD,SGH4755,Fashion Outl. of Santa Fe
RF5AW4792MDIPMFD,SGH5289,ABQ Uptown
RF5AW4792MDIPMFD,SGH6077,Cielo Vista Mall Lower
RF5AW4792MDIPMFD,SGH7171,Cielo Vista Mall Upper
RF5AW4792MDIPMFD,SGH1453,Coronado Center #15A
RF5AW4792MDIPMFD,SGH8680,Coronado Center #T028
RF5AW4792MDIPMFD,SGH3677,South Plains Mall D
RF5AW4792MDIPMFD,SGH4932,Outlet Shoppes ElPaso D483
RF5AW4792MDIPMFD,SGH5312,Outlet Shoppes ElPaso D496
RF5AW4792MDIPMFD,SGH1430,Grapevine Mills
RF5AW4792MDIPMFD,SGH2437,Southlake Town Square
RF5AW4792MDIPMFD,SGH3076,Sundance Square
RF5AW4792MDIPMFD,SGH5198,University Park Village
RF5AW4792MDIPMFD,SGH5304,Highland Village
RF5AW4792MDIPMFD,SGH5326,Arlington Highlands
RF5AW4792MDIPMFD,SGH5756,Paragon Outl. Grand P.
RF5AW4792MDIPMFD,SGH9073,The Shops at Clearfork
RF5AW4792MDIPMFD,SGHF775,Tanger Outlets Fort Worth
RF5AW4792MDIPMFD,SGH3385,Stonebriar Centre 2230
RF5AW4792MDIPMFD,SGH3962,Hulen Mall #2145
RF5AW4792MDIPMFD,SGH5601,Hulen Mall #2085
RF5AW4792MDIPMFD,SGH4561,North East Mall
RF5AW4792MDIPMFD,SGH5814,Stonebriar Centre K240
RF5AW4792MDIPMFD,SGH2794,Parks Arlington #1064
RF5AW4792MDIPMFD,SGH2176,Pecanland Mall
RF5AW4792MDIPMFD,SGH2182,Longview Mall
RF5AW4792MDIPMFD,SGH2949,The Outl. of Mississippi
RF5AW4792MDIPMFD,SGH4518,Broadway Square Mall
RF5AW4792MDIPMFD,SGH4519,Northpark Mall MS
RF5AW4792MDIPMFD,SGH4763,Allen Premium Outlets
RF5AW4792MDIPMFD,SGH4913,Terrell Tanger Outlets
RF5AW4792MDIPMFD,SGH5199,West Village
RF5AW4792MDIPMFD,SGHA754,Renaissance at Colony Park
RF5AW4792MDIPMFD,SGH4548,Galleria Dallas 2520
RF5AW4792MDIPMFD,SGH4141,NorthPark Center
RF5AW4792MDIPMFD,SGH3265,Town E Mall
RF5AW4792MDIPMFD,SGH6094,Firewheel Town Center
RF5AW4792MDIPMFD,SGH3938,Shops at Willow Bend
RF5AW4792MDIPMFD,SGH1683,Prien Lake Mall
RF5AW4792MDIPMFD,SGH2068,Parkdale Mall
RF5AW4792MDIPMFD,SGH2948,Outlet Coll. Riverwalk 160
RF5AW4792MDIPMFD,SGH3593,The Village Shopping Ctr
RF5AW4792MDIPMFD,SGH4157,The Shops at Canal Place
RF5AW4792MDIPMFD,SGH4425,Mall of Acadiana
RF5AW4792MDIPMFD,SGH4685,Gulfport Premium Outlets
RF5AW4792MDIPMFD,SGH5046,The Woodlands Market St
RF5AW4792MDIPMFD,SGH5127,George Bush Int'l Airport S
RF5AW4792MDIPMFD,SGH5815,Gonzales Tanger Outlets
RF5AW4792MDIPMFD,SGH6128,10111 Perkins Row
RF5AW4792MDIPMFD,SGH9531,George Bush Int'l Airport N
RF5AW4792MDIPMFD,SGHE532,Town and Country Village
RF5AW4792MDIPMFD,SGH4928,Houston Premium #977
RF5AW4792MDIPMFD,SGH5687,Houston Premium #930
RF5AW4792MDIPMFD,SGH4182,Houston Galleria 3640
RF5AW4792MDIPMFD,SGH4218,Houston Galleria 2495
RF5AW4792MDIPMFD,SGH3573,Lakeside Shopping Ctr
RF5AW4792MDIPMFD,SGH4096,The Woodlands Mall 2182
RF5AW4792MDIPMFD,SGH2075,Deerbrook Mall Lvl 2
RF5AW4792MDIPMFD,SGH1776,Mall of Louisiana
RF5AW4792MDIPMFD,SGH1537,River Oaks Shopping Center
RF5AW4792MDIPMFD,SGH2856,Gulf Freeway Tanger Outl.
RF5AW4792MDIPMFD,SGH3470,Katy Mills
RF5AW4792MDIPMFD,SGH9573,Rice Village
RF5AW4792MDIPMFD,SGH2050,Baybrook Mall #700
RF5AW4792MDIPMFD,SGH4159,Baybrook Mall #1337
RF5AW4792MDIPMFD,SGH1197,First Colony Mall #12
RF5AW4792MDIPMFD,SGH4364,Memorial City Mall
RF5AW4792MDIPMFD,SGH5363,Pearland Town Center
RF5AW4792MDIPMFD,SGH4158,Willowbrook Mall
RF5AW4792MDIPMFD,SGH5397,Baybrook Mall
RF5AW4792MDIPMFD,SGH2956,First Colony Mall #3005
RF5AW4792MDIPMFD,SGH1557,829 E Las Olas Blvd
RF5AW4792MDIPMFD,SGH5308,The Shops at Pembroke Gardens
RF5AW4792MDIPMFD,SGH3476,Aventura Mall
RF5AW4792MDIPMFD,SGH3924,Broward Mall
RF5AW4792MDIPMFD,SGH3562,Dolphin Mall E290
RF5AW4792MDIPMFD,SGH4923,Dolphin Mall E395
RF5AW4792MDIPMFD,SGH4199,Galleria Ft Lauderdale
RF5AW4792MDIPMFD,SGH4293,Miami Int'l Mall
RF5AW4792MDIPMFD,SGH4442,Pembroke Lakes Mall
RF5AW4792MDIPMFD,SGH1829,Sawgrass Mills 305
RF5AW4792MDIPMFD,SGH4618,Sawgrass Mills 701
RF5AW4792MDIPMFD,SGH6136,Sawgrass Mills 203
RF5AW4792MDIPMFD,SGH1920,Bell Tower Shops
RF5AW4792MDIPMFD,SGH4386,Port Charlotte Town Ctr
RF5AW4792MDIPMFD,SGH4571,Sarasota Square
RF5AW4792MDIPMFD,SGH5219,Waterside Shops
RF5AW4792MDIPMFD,SGH5243,Coconut Point Town Center
RF5AW4792MDIPMFD,SGHE843,St. Armands Circle
RF5AW4792MDIPMFD,SGH4294,Coastland Center D11
RF5AW4792MDIPMFD,SGH2185,Edison Mall
RF5AW4792MDIPMFD,SGH4629,Ellenton Premium Outlets 562
RF5AW4792MDIPMFD,SGH4633,Ellenton Premium Outlets 110
RF5AW4792MDIPMFD,SGH6540,Ellenton Premium Outlets 275
RF5AW4792MDIPMFD,SGH4348,Miromar Outlets 362
RF5AW4792MDIPMFD,SGH4739,Miromar Outlets 311
RF5AW4792MDIPMFD,SGH6088,Miromar Outlets 174
RF5AW4792MDIPMFD,SGH3961,University Town Ctr
RF5AW4792MDIPMFD,SGH3749,Coastland Center J10
RF5AW4792MDIPMFD,SGH1452,The Avenues
RF5AW4792MDIPMFD,SGH1797,Volusia Mall
RF5AW4792MDIPMFD,SGH2170,Paddock Mall
RF5AW4792MDIPMFD,SGH3745,Seminole Towne Center
RF5AW4792MDIPMFD,SGH4135,Orange Park Mall
RF5AW4792MDIPMFD,SGH4140,The Oaks Mall
RF5AW4792MDIPMFD,SGH4272,Lakeland Square Mall
RF5AW4792MDIPMFD,SGH5027,The Ave at Viera
RF5AW4792MDIPMFD,SGH5049,Lakeside Village
RF5AW4792MDIPMFD,SGH5354,St Johns Town Center
RF5AW4792MDIPMFD,SGH5366,The Loop
RF5AW4792MDIPMFD,SGH5369,Ocean Walk Shoppes
RF5AW4792MDIPMFD,SGH5564,Orlando Int'l Airport
RF5AW4792MDIPMFD,SGH5753,Waterford Lakes Town Center
RF5AW4792MDIPMFD,SGHF395,Orlando Int'l Airport Terminal C
RF5AW4792MDIPMFD,SGH3123,Daytona B. Tanger East
RF5AW4792MDIPMFD,SGH4919,Daytona B. Tanger West
RF5AW4792MDIPMFD,SGH4295,Melbourne Square
RF5AW4792MDIPMFD,SGH4112,Altamonte Mall Level 2
RF5AW4792MDIPMFD,SGH4483,Altamonte Mall Level 1
RF5AW4792MDIPMFD,SGH2175,St Augustine Premium Outlets 105
RF5AW4792MDIPMFD,SGH4774,St Augustine Premium Outlets 904
RF5AW4792MDIPMFD,SGH1768,673 Collins Ave Spc B
RF5AW4792MDIPMFD,SGH2872,Heritage Quay
RF5AW4792MDIPMFD,SGH2974,Front St 20
RF5AW4792MDIPMFD,SGH3271,845 Lincoln Rd-Flagship
RF5AW4792MDIPMFD,SGH3406,Havensight Mall
RF5AW4792MDIPMFD,SGH4211,Bayside Marketplace
RF5AW4792MDIPMFD,SGH4592,710 Duval St
RF5AW4792MDIPMFD,SGH4742,Florida Keys Outlet Center
RF5AW4792MDIPMFD,SGH5062,Yacht Haven
RF5AW4792MDIPMFD,SGH5125,Shops at Merrick Park
RF5AW4792MDIPMFD,SGHA908,Brickell City Centre
RF5AW4792MDIPMFD,SGH4101,Dadeland Mall
RF5AW4792MDIPMFD,SGH4942,Miami Int'l Airport 2nd fl
RF5AW4792MDIPMFD,SGH5355,Miami Int'l Airport Concourse
RF5AW4792MDIPMFD,SGH1701,The Falls 120
RF5AW4792MDIPMFD,SGH2102,The Falls 371
RF5AW4792MDIPMFD,SGH3291,Outlet Route 66
RF5AW4792MDIPMFD,SGH3293,Puerto Rico Premium Outlets
RF5AW4792MDIPMFD,SGH4411,Montehiedra Town Center
RF5AW4792MDIPMFD,SGH4642,Plaza Carolina
RF5AW4792MDIPMFD,SGH5290,Mayaguez Mall
RF5AW4792MDIPMFD,SGH5337,Old San Juan
RF5AW4792MDIPMFD,SGH5372,Las Catalinas Mall
RF5AW4792MDIPMFD,SGH4600,Plaza Las Americas
RF5AW4792MDIPMFD,SGH6125,Plaza Las Americas 552
RF5AW4792MDIPMFD,SGH3580,The Mall at Wellington Green
RF5AW4792MDIPMFD,SGH3682,Rosemay Square
RF5AW4792MDIPMFD,SGH4351,Vero Beach Fashion Outlets
RF5AW4792MDIPMFD,SGH5360,The Promenade at Coconut Creek
RF5AW4792MDIPMFD,SGH5537,207 E Atlantic Ave
RF5AW4792MDIPMFD,SGH3738,Palm Beach Fashion Outlets
RF5AW4792MDIPMFD,SGH4870,Palm Beach Fashion
RF5AW4792MDIPMFD,SGH3710,The Gardens Mall Q202
RF5AW4792MDIPMFD,SGH4063,Town Ctr at Boca Raton N
RF5AW4792MDIPMFD,SGH4523,Town Ctr at Boca Raton W
RF5AW4792MDIPMFD,SGH2859,Treasure Coast Sq West
RF5AW4792MDIPMFD,SGH4145,Coral Square Mall
RF5AW4792MDIPMFD,SGH4237,Treasure Coast Sq Kiosk
RF5AW4792MDIPMFD,SGH3024,Disney Springs-Flagship
RF5AW4792MDIPMFD,SGH3615,International Plaza and Bay Street
RF5AW4792MDIPMFD,SGH6000,Disney World-Magic Kingdom
RF5AW4792MDIPMFD,SGH5531,Orlando Int'l Premium Outlets 1D23
RF5AW4792MDIPMFD,SGH5809,Orlando Int'l Premium Outlets 3A32
RF5AW4792MDIPMFD,SGH6075,Orlando Int'l Premium Outlets 2D03
RF5AW4792MDIPMFD,SGH4345,Orlando Vineland Premium 1230
RF5AW4792MDIPMFD,SGH7177,Orlando Vineland Prem.
RF5AW4792MDIPMFD,SGH3945,The Mall at Millenia
RF5AW4792MDIPMFD,SGH4111,Tyrone Square Mall Center
RF5AW4792MDIPMFD,SGH4731,Tyrone Square Mall East
RF5AW4792MDIPMFD,SGH3446,Tampa Premium Outlets
RF5AW4792MDIPMFD,SGH3712,Brandon Town Center
RF5AW4792MDIPMFD,SGH1724,Countryside Mall
RF5AW4792MDIPMFD,SGH5707,Orlando Vineland Premium 1701
RF5AW4792MDIPMFD,SGH3450,Citrus Park Town Center
RF5AW4792MDIPMFD,SGH4067,The Florida Mall E
RF5AW4792MDIPMFD,SGH7184,The Florida Mall W
RF5AW4792MDIPMFD,SGH5349,The Shops at Wiregrass
RF5AW4792MDIPMFD,SGH7185,WestShore Plaza
RF5AW4792MDIPMFD,SGH5717,Disney World-Typhoon Lagoon
RF5AW4792MDIPMFD,SGH5719,Disney World-Blizzard Beach
RF5AW4792MDIPMFD,SGH3284,Sunrise Mall TX
RF5AW4792MDIPMFD,SGH3552,The Outlet Shoppes Laredo
RF5AW4792MDIPMFD,SGH4387,Victoria Mall
RF5AW4792MDIPMFD,SGH4599,Rivercenter Mall
RF5AW4792MDIPMFD,SGH5172,Alamo Quarry Market
RF5AW4792MDIPMFD,SGHF655,Fort Sam Houston
RF5AW4792MDIPMFD,SGH4579,La Palmera #1432
RF5AW4792MDIPMFD,SGH3895,La Plaza Mall #M01
RF5AW4792MDIPMFD,SGH4584,La Plaza Mall #Ki01
RF5AW4792MDIPMFD,SGH6078,La Plaza Mall #Q14C
RF5AW4792MDIPMFD,SGH6079,La Plaza Mall #F2
RF5AW4792MDIPMFD,SGH4336,North Star Mall
RF5AW4792MDIPMFD,SGH5234,Rio Grande Valley 600I
RF5AW4792MDIPMFD,SGH5810,Rio Grande Valley 600D
RF5AW4792MDIPMFD,SGH5012,The Shops at La Cantera 7780
RF5AW4792MDIPMFD,SGH5759,The Shops at La Cantera 2255
RF5AW4792MDIPMFD,SGH4566,Ingram Park Mall
RF5AW4792MDIPMFD,SGH4580,La Palmera #K5
RF5AW4792MDIPMFD,SGH4689,Mall del Norte