merchant_ari,sms_keyword,display_name
3QI89KRQW8VE3H59,citymattress61,61 - Naples
3QI89KRQW8VE3H59,citymattress62,62- Fort Myers
3QI89KRQW8VE3H59,citymattress64,64 - Fort Myers (Clearance)
3QI89KRQW8VE3H59,citymattress66,66 - North Naples
3QI89KRQW8VE3H59,citymattress76,76 - Estero
3QI89KRQW8VE3H59,citymattress77,77 - South Fort Myers
3QI89KRQW8VE3H59,citymattress78,78 - Fort Myers (Outlet)
3QI89KRQW8VE3H59,citymattress51,51 - E. Boca Raton
3QI89KRQW8VE3H59,citymattress52,52 - Palm Beach Gardens
3QI89KRQW8VE3H59,citymattress53,53 - W. Palm Beach
3QI89KRQW8VE3H59,citymattress54,54 - W. Boca Raton
3QI89KRQW8VE3H59,citymattress55,55 - Jensen Beach
3QI89KRQW8VE3H59,citymattress56,56 - Royal Palm Beach
3QI89KRQW8VE3H59,citymattress58,58 - Boynton Beach
3QI89KRQW8VE3H59,citymattress59,59 - Wellington
3QI89KRQW8VE3H59,citymattress47,47 - Pembroke Pines
3QI89KRQW8VE3H59,citymattress48,48 - Coral Springs
3QI89KRQW8VE3H59,citymattress11,11 - Amherst
3QI89KRQW8VE3H59,citymattress12,12 - Hamburg
3QI89KRQW8VE3H59,citymattress14,14 - Clarence
3QI89KRQW8VE3H59,citymattress16,16 - Lancaster
3QI89KRQW8VE3H59,citymattress21,21 - Henrietta (Outlet)
3QI89KRQW8VE3H59,citymattress22,22 - Greece
3QI89KRQW8VE3H59,citymattress24,24 - Penfield
3QI89KRQW8VE3H59,citymattress25,25 - Henrietta
3QI89KRQW8VE3H59,citymattress26,26 - Victor
3QI89KRQW8VE3H59,citymattress28,28 - Pittsford