merchant_ari,sms_keyword,display_name
RF5AW4792MDIPMFD,SGH2533,Faneuil Hall Marketplace
RF5AW4792MDIPMFD,SGH3764,Lee Premium Outlets
RF5AW4792MDIPMFD,SGH4042,Prudential Center
RF5AW4792MDIPMFD,SGH4419,Cambridgeside Galleria
RF5AW4792MDIPMFD,SGH5287,86 Newbury St
RF5AW4792MDIPMFD,SGH5646,335 Newbury St
RF5AW4792MDIPMFD,SGHE842,Assembly Row
RF5AW4792MDIPMFD,SGHF558,Burlington Mall
RF5AW4792MDIPMFD,SGH4312,Burlington Mall
RF5AW4792MDIPMFD,SGH2257,Natick Mall #2024
RF5AW4792MDIPMFD,SGH4444,Natick Mall #2134
RF5AW4792MDIPMFD,SGH4718,Northshore Mall Kiosk
RF5AW4792MDIPMFD,SGH5356,Northshore Mall Upper
RF5AW4792MDIPMFD,SGH4075,South Shore Plaza 1097
RF5AW4792MDIPMFD,SGH4965,South Shore Plaza 2013
RF5AW4792MDIPMFD,SGH4346,Wrentham Village Premium N
RF5AW4792MDIPMFD,SGH4733,Wrentham Village Premium S
RF5AW4792MDIPMFD,SGH4198,Holyoke Mall
RF5AW4792MDIPMFD,SGH1271,Solomon Pond Mall
RF5AW4792MDIPMFD,SGH4703,Square One Mall
RF5AW4792MDIPMFD,SGH3453,Collection Jersey Gardens
RF5AW4792MDIPMFD,SGH9591,American Dream
RF5AW4792MDIPMFD,SGHA632,Bergen Town Center
RF5AW4792MDIPMFD,SGH7045,Garden State Plaza
RF5AW4792MDIPMFD,SGH4427,Menlo Park Mall #1628
RF5AW4792MDIPMFD,SGH5692,Menlo Park Mall #2460
RF5AW4792MDIPMFD,SGH4735,Paramus Park Mall
RF5AW4792MDIPMFD,SGH4608,Rockaway Townsquare
RF5AW4792MDIPMFD,SGH3731,Staten Island Mall
RF5AW4792MDIPMFD,SGH3352,Mall at Short Hills Lower
RF5AW4792MDIPMFD,SGH4163,Mall at Short Hills Upper
RF5AW4792MDIPMFD,SGH3549,Willowbrook Mall NJ
RF5AW4792MDIPMFD,SGH2901,Woodbury Common Premium E
RF5AW4792MDIPMFD,SGH4717,Woodbury Common Premium W
RF5AW4792MDIPMFD,SGH4228,Poughkeepsie Galleria
RF5AW4792MDIPMFD,SGH2222,MarketFair Mall
RF5AW4792MDIPMFD,SGH2410,Gloucester Prem. Outlets
RF5AW4792MDIPMFD,SGH3027,Jackson Premium Outlets
RF5AW4792MDIPMFD,SGH3029,Atlantic City Tanger Outl
RF5AW4792MDIPMFD,SGH3850,Shops at Liberty
RF5AW4792MDIPMFD,SGH4524,Moorestown Mall
RF5AW4792MDIPMFD,SGH5010,Jersey Shore Prem. Outl.
RF5AW4792MDIPMFD,SGH9532,Fashion District Philadelphia
RF5AW4792MDIPMFD,SGH4261,Bridgewater Commons
RF5AW4792MDIPMFD,SGH4517,Cherry Hill Mall
RF5AW4792MDIPMFD,SGH6097,Christiana Mall South
RF5AW4792MDIPMFD,SGH4474,Freehold Raceway Mall
RF5AW4792MDIPMFD,SGH4236,Monmouth Mall
RF5AW4792MDIPMFD,SGH2709,Christiana Mall Center
RF5AW4792MDIPMFD,SGH4634,Ocean County Mall
RF5AW4792MDIPMFD,SGH2796,Oxford Valley Mall
RF5AW4792MDIPMFD,SGH4696,Deptford Mall
RF5AW4792MDIPMFD,SGH2206,The Centre at Salisbury
RF5AW4792MDIPMFD,SGH3026,Queenstown Prem. Outlets
RF5AW4792MDIPMFD,SGH3732,Ocean City Tanger Outlets
RF5AW4792MDIPMFD,SGH5066,Baltimore Washington Int'l Air
RF5AW4792MDIPMFD,SGH5249,Arundel Mills
RF5AW4792MDIPMFD,SGH2234,Annapolis Mall #132
RF5AW4792MDIPMFD,SGH2770,Rehoboth Bayside Outlet
RF5AW4792MDIPMFD,SGH4210,Rehoboth Midway Outlet
RF5AW4792MDIPMFD,SGH4316,Rehoboth Seaside Outlet
RF5AW4792MDIPMFD,SGH5088,The Mall in Columbia #2840
RF5AW4792MDIPMFD,SGH3717,Towson Town Center #354
RF5AW4792MDIPMFD,SGH2523,Annapolis Mall #1770
RF5AW4792MDIPMFD,SGH4178,The Mall in Columbia #2234
RF5AW4792MDIPMFD,SGH4532,Towson Town Center #4015
RF5AW4792MDIPMFD,SGH4147,White Marsh Mall
RF5AW4792MDIPMFD,SGH1260,Montgomery Mall MD
RF5AW4792MDIPMFD,SGH2034,Battlefield Mall
RF5AW4792MDIPMFD,SGH2062,Sooner Mall
RF5AW4792MDIPMFD,SGH3918,Branson Tanger Outlets
RF5AW4792MDIPMFD,SGH4251,Quail Springs Mall
RF5AW4792MDIPMFD,SGH5054,Branson Landing
RF5AW4792MDIPMFD,SGH5689,Outlet Shoppes Oklahoma C
RF5AW4792MDIPMFD,SGHF767,Shops at Saddle Creek
RF5AW4792MDIPMFD,SGH4267,Penn Square Mall #1075A
RF5AW4792MDIPMFD,SGH4153,Woodland Hills Mall Upper
RF5AW4792MDIPMFD,SGH1944,McCain Mall
RF5AW4792MDIPMFD,SGH2137,Northwest Arkansas Mall
RF5AW4792MDIPMFD,SGH4915,The Outl. at Little Rock
RF5AW4792MDIPMFD,SGH5167,Pinnacle Hills Promenade
RF5AW4792MDIPMFD,SGH5299,Carriage Crossing
RF5AW4792MDIPMFD,SGH5558,Park Plaza Mall
RF5AW4792MDIPMFD,SGH3122,Southaven Tanger 830
RF5AW4792MDIPMFD,SGH4916,Southaven Tanger 1057
RF5AW4792MDIPMFD,SGH2543,Penn Square Mall #2069
RF5AW4792MDIPMFD,SGH1922,Wolfchase Galleria
RF5AW4792MDIPMFD,SGH1738,Woodland Hills Mall Lower
RF5AW4792MDIPMFD,SGH1879,157 Spring St At W B'Way
RF5AW4792MDIPMFD,SGH2767,1023 3rd Ave
RF5AW4792MDIPMFD,SGH3948,755 Broadway
RF5AW4792MDIPMFD,SGH4943,590 Fifth Ave-Flagship
RF5AW4792MDIPMFD,SGH5016,510 6th Ave
RF5AW4792MDIPMFD,SGH5566,Times Square-Flagship
RF5AW4792MDIPMFD,SGHA559,Hudson Yard
RF5AW4792MDIPMFD,SGHA811,The Mall at Bay Plaza
RF5AW4792MDIPMFD,SGHC295,Kings Plaza
RF5AW4792MDIPMFD,SGHF388,Shops at Columbus Circle
RF5AW4792MDIPMFD,SGH7596,Cross County Ctr
RF5AW4792MDIPMFD,SGH1248,Herald Square
RF5AW4792MDIPMFD,SGH2369,Newport Centre
RF5AW4792MDIPMFD,SGH1694,204 Thames St
RF5AW4792MDIPMFD,SGH2737,Foxwood Tanger Outlets
RF5AW4792MDIPMFD,SGH5059,74 Main St
RF5AW4792MDIPMFD,SGH5251,Clinton Crossing Premium
RF5AW4792MDIPMFD,SGH5358,260 Greenwich Ave
RF5AW4792MDIPMFD,SGHA665,Garden City
RF5AW4792MDIPMFD,SGHE533,SoNo Collection
RF5AW4792MDIPMFD,SGH4452,Danbury Fair Mall Lvl 2
RF5AW4792MDIPMFD,SGH5693,Danbury Fair Mall Lvl 1
RF5AW4792MDIPMFD,SGH2208,Dartmouth Mall
RF5AW4792MDIPMFD,SGH2153,Auburn Mall
RF5AW4792MDIPMFD,SGH4620,Cape Cod Mall
RF5AW4792MDIPMFD,SGH4453,Connecticut Post Mall
RF5AW4792MDIPMFD,SGH2865,Providence Place Mall
RF5AW4792MDIPMFD,SGH4030,Stamford Town Center
RF5AW4792MDIPMFD,SGH4208,Trumbull Shopping Mall
RF5AW4792MDIPMFD,SGH3569,Westfarms Mall Lower
RF5AW4792MDIPMFD,SGH4031,Westfarms Mall Upper
RF5AW4792MDIPMFD,SGH4485,The Shoppes Buckland H.
RF5AW4792MDIPMFD,SGH2103,Capital City Mall
RF5AW4792MDIPMFD,SGH2110,York Galleria
RF5AW4792MDIPMFD,SGH3380,Lancaster Tanger Outlets
RF5AW4792MDIPMFD,SGH3416,Philadelphia Int'l Airport
RF5AW4792MDIPMFD,SGH3421,Hershey Tanger Outlets
RF5AW4792MDIPMFD,SGH3698,Wyoming Valley Mall
RF5AW4792MDIPMFD,SGH4203,Park City Center
RF5AW4792MDIPMFD,SGH4674,Berkshire Mall
RF5AW4792MDIPMFD,SGH4770,The Crossings Prem. Outl.
RF5AW4792MDIPMFD,SGH5052,Philadelphia Prem. Outl.
RF5AW4792MDIPMFD,SGH5303,Valley Square Shopp. Ctr
RF5AW4792MDIPMFD,SGH5666,Suburban Square
RF5AW4792MDIPMFD,SGH1173,King of Prussia 5212
RF5AW4792MDIPMFD,SGH4179,King of Prussia NK2
RF5AW4792MDIPMFD,SGH4183,King of Prussia 2094A
RF5AW4792MDIPMFD,SGH2957,Lehigh Valley Mall
RF5AW4792MDIPMFD,SGH3730,Viewmont Mall
RF5AW4792MDIPMFD,SGH4109,Springfield Mall
RF5AW4792MDIPMFD,SGH3652,The Westchester
RF5AW4792MDIPMFD,SGH4722,Broadway Mall
RF5AW4792MDIPMFD,SGH5077,Deer Park Tanger Outlets
RF5AW4792MDIPMFD,SGH5348,Riverhead Tanger Outlets
RF5AW4792MDIPMFD,SGHE653,Tanger Outlet Riverhead I
RF5AW4792MDIPMFD,SGH5254,Green Acres Mall
RF5AW4792MDIPMFD,SGH4037,Queens Center
RF5AW4792MDIPMFD,SGH4167,Roosevelt Field Kiosk
RF5AW4792MDIPMFD,SGH4635,Roosevelt Field Center
RF5AW4792MDIPMFD,SGH4184,Smith Haven Mall
RF5AW4792MDIPMFD,SGH4686,Walt Whitman Shops
RF5AW4792MDIPMFD,SGH2191,Regency Square Mall
RF5AW4792MDIPMFD,SGH2237,Governors Square Mall
RF5AW4792MDIPMFD,SGH3853,Hamilton Place
RF5AW4792MDIPMFD,SGH4025,Parkway Place
RF5AW4792MDIPMFD,SGH5179,Pinnacle at Turkey Creek
RF5AW4792MDIPMFD,SGH5286,Greenwood Mall
RF5AW4792MDIPMFD,SGH5333,The Streets of Indian L.
RF5AW4792MDIPMFD,SGH5533,The Avenue Murfreesboro
RF5AW4792MDIPMFD,SGHE865,Bridge Street Town Center
RF5AW4792MDIPMFD,SGH2372,Calhoun Premium South
RF5AW4792MDIPMFD,SGH4897,Calhoun Premium Center
RF5AW4792MDIPMFD,SGH2083,Cool Springs Galleria
RF5AW4792MDIPMFD,SGH2703,Opry Mills NW
RF5AW4792MDIPMFD,SGH4899,Opry Mills SE
RF5AW4792MDIPMFD,SGH4743,Sevierville Tanger 1145
RF5AW4792MDIPMFD,SGH4903,Sevierville Tanger 1425
RF5AW4792MDIPMFD,SGH4905,Sevierville Tanger 250
RF5AW4792MDIPMFD,SGH3188,Mall at Green Hills #164
RF5AW4792MDIPMFD,SGH4124,Mall at Green Hills #252
RF5AW4792MDIPMFD,SGH2189,West Town Mall NW
RF5AW4792MDIPMFD,SGH5667,West Town Mall SE
RF5AW4792MDIPMFD,SGH1229,Nags Head Tanger Outlets
RF5AW4792MDIPMFD,SGH1875,River Ridge Mall
RF5AW4792MDIPMFD,SGH3481,MacArthur Center
RF5AW4792MDIPMFD,SGHE943,Shops at Stonefield
RF5AW4792MDIPMFD,SGH4557,Lynnhaven Mall
RF5AW4792MDIPMFD,SGH5292,Short Pump Town Center
RF5AW4792MDIPMFD,SGH2358,Williamsburg Premium #24
RF5AW4792MDIPMFD,SGH4951,Williamsburg Premium #F215
RF5AW4792MDIPMFD,SGH4257,Chesterfield Towne Ctr
RF5AW4792MDIPMFD,SGH1650,Greenbrier Mall
RF5AW4792MDIPMFD,SGH2166,Patrick Henry Mall
RF5AW4792MDIPMFD,SGH1282,Spotsylvania Towne Ctr
RF5AW4792MDIPMFD,SGH2215,Valley View Mall
RF5AW4792MDIPMFD,SGH1809,The Mall Tuttle Crossing
RF5AW4792MDIPMFD,SGH2163,The Mall Fairfield C.
RF5AW4792MDIPMFD,SGH2711,Columbus Tanger Outlets
RF5AW4792MDIPMFD,SGH4343,Jeffersonville Outlet
RF5AW4792MDIPMFD,SGH5064,Crestview Hills Town Ctr
RF5AW4792MDIPMFD,SGH5098,Liberty Center
RF5AW4792MDIPMFD,SGH5300,The Greene
RF5AW4792MDIPMFD,SGH5705,Cincinnati Prem. Outlets
RF5AW4792MDIPMFD,SGH9381,Cincinnati/N KY Intl Airport
RF5AW4792MDIPMFD,SGH5529,Easton Town Center
RF5AW4792MDIPMFD,SGH4403,Kenwood Towne Centre North
RF5AW4792MDIPMFD,SGH2118,Fayette Mall
RF5AW4792MDIPMFD,SGH5093,Polaris Fashion Place
RF5AW4792MDIPMFD,SGH2851,National Harbor Outlet
RF5AW4792MDIPMFD,SGH2869,3219 M St
RF5AW4792MDIPMFD,SGH4413,Tysons Galleria
RF5AW4792MDIPMFD,SGH4719,Hagerstown Prem. Outlets
RF5AW4792MDIPMFD,SGH4728,Leesburg Corner Premium
RF5AW4792MDIPMFD,SGH9516,Clarksburg Prem. Outlets
RF5AW4792MDIPMFD,SGHF390,Mosaic District
RF5AW4792MDIPMFD,SGHF654,Fort Belvoir
RF5AW4792MDIPMFD,SGH5711,Tysons Corner Center West
RF5AW4792MDIPMFD,SGH1850,Potomac Mills
RF5AW4792MDIPMFD,SGHC356,Dulles Int'l Airport
RF5AW4792MDIPMFD,SGH4506,Fair Oaks Mall
RF5AW4792MDIPMFD,SGH4709,Tysons Corner Center East
RF5AW4792MDIPMFD,SGH3145,Dulles Town Center
RF5AW4792MDIPMFD,SGH4105,Fashion Ctr Pentagon #B06
RF5AW4792MDIPMFD,SGH5076,Fashion Ctr Pentagon #Y05D
RF5AW4792MDIPMFD,SGH4300,Manassas Mall
RF5AW4792MDIPMFD,SGH3030,Springfield Town Center
RF5AW4792MDIPMFD,SGH1999,Market Place Shopping
RF5AW4792MDIPMFD,SGH2015,Northwoods Mall IL
RF5AW4792MDIPMFD,SGH2035,Columbia Mall
RF5AW4792MDIPMFD,SGH2109,Osage Beach Prem. Outlets
RF5AW4792MDIPMFD,SGH2141,Kentucky Oaks Mall
RF5AW4792MDIPMFD,SGH2017,Eastland Mall
RF5AW4792MDIPMFD,SGH3760,St Louis Premium 866
RF5AW4792MDIPMFD,SGH4902,St Louis Premium 706
RF5AW4792MDIPMFD,SGH3721,St Louis Galleria Level 1
RF5AW4792MDIPMFD,SGH3963,West County Center
RF5AW4792MDIPMFD,SGH2240,Mid Rivers Mall
RF5AW4792MDIPMFD,SGH2224,South County Center
RF5AW4792MDIPMFD,SGH4525,St Louis Galleria Level 2
RF5AW4792MDIPMFD,SGH2040,Towne E Square
RF5AW4792MDIPMFD,SGH3414,Country Club Plaza
RF5AW4792MDIPMFD,SGH3970,Nebraska Crossing Outlets
RF5AW4792MDIPMFD,SGH4362,Legends Outlets
RF5AW4792MDIPMFD,SGH4734,Westroads Mall
RF5AW4792MDIPMFD,SGH5032,Zona Rosa
RF5AW4792MDIPMFD,SGH5034,Jordan Creek Town Center
RF5AW4792MDIPMFD,SGHA581,Outlets of Des Moines
RF5AW4792MDIPMFD,SGHA753,Village Pointe
RF5AW4792MDIPMFD,SGH5240,Oak Park Mall East
RF5AW4792MDIPMFD,SGH1292,Town Center Plaza
RF5AW4792MDIPMFD,SGH1950,Desert Sky Mall
RF5AW4792MDIPMFD,SGH2380,Superstition Springs
RF5AW4792MDIPMFD,SGH2850,Phoenix Premium Outlets
RF5AW4792MDIPMFD,SGH2874,Westgate Tanger Outlets
RF5AW4792MDIPMFD,SGH3078,Tucson Premium Outlets
RF5AW4792MDIPMFD,SGH3186,Park Place Mall
RF5AW4792MDIPMFD,SGH3581,Desert Ridge Marketplace
RF5AW4792MDIPMFD,SGH4322,La Encantada
RF5AW4792MDIPMFD,SGH4610,Flagstaff Mall
RF5AW4792MDIPMFD,SGH4678,Outlets at Anthem
RF5AW4792MDIPMFD,SGH5043,Tempe Marketplace
RF5AW4792MDIPMFD,SGH8601,Phoenix Int'l Airport
RF5AW4792MDIPMFD,SGH4705,Arrowhead Towne Center
RF5AW4792MDIPMFD,SGH3579,Chandler Fashion Ctr West
RF5AW4792MDIPMFD,SGH7176,Chandler Fashion Ctr Food
RF5AW4792MDIPMFD,SGH977,Tucson Mall #447
RF5AW4792MDIPMFD,SGH1804,Arizona Mills #635
RF5AW4792MDIPMFD,SGH1805,Arizona Mills #214
RF5AW4792MDIPMFD,SGH5182,SanTan Village
RF5AW4792MDIPMFD,SGH4119,Tucson Mall #334
RF5AW4792MDIPMFD,SGH3174,Old Mill District
RF5AW4792MDIPMFD,SGH5055,Broadway
RF5AW4792MDIPMFD,SGH5169,Pioneer Place
RF5AW4792MDIPMFD,SGH5368,Lincoln City Outlets
RF5AW4792MDIPMFD,SGH5698,Bridgeport Village
RF5AW4792MDIPMFD,SGH4547,Clackamas Town Center
RF5AW4792MDIPMFD,SGH1568,Rogue Valley Mall
RF5AW4792MDIPMFD,SGH1569,Valley River Center
RF5AW4792MDIPMFD,SGH1573,Vancouver Mall
RF5AW4792MDIPMFD,SGH3757,Washington Square
RF5AW4792MDIPMFD,SGH4730,Woodburn Premium #633
RF5AW4792MDIPMFD,SGH6516,Woodburn Premium #214
RF5AW4792MDIPMFD,SGH2799,Columbia Center
RF5AW4792MDIPMFD,SGH3776,Fig at Seventh
RF5AW4792MDIPMFD,SGH4284,Citadel Outlets
RF5AW4792MDIPMFD,SGH5749,Scottsdale Quarter
RF5AW4792MDIPMFD,SGH4949,Culver City
RF5AW4792MDIPMFD,SGH5242,Del Amo Fashion Ctr 414
RF5AW4792MDIPMFD,SGH6095,Glendale Galleria
RF5AW4792MDIPMFD,SGH4335,Santa Anita
RF5AW4792MDIPMFD,SGH4772,Scottsdale Fashion Sq 2056
RF5AW4792MDIPMFD,SGH5556,Scottsdale Fashion Sq 1020
RF5AW4792MDIPMFD,SGH4302,Manhattan Village
RF5AW4792MDIPMFD,SGH4776,The Shops at Montebello
RF5AW4792MDIPMFD,SGH9457,Century City
RF5AW4792MDIPMFD,SGH5561,Cannery Row
RF5AW4792MDIPMFD,SGHA810,Downtown Palm Springs
RF5AW4792MDIPMFD,SGH4246,Del Monte Center
RF5AW4792MDIPMFD,SGH4460,Desert Hills Prem West
RF5AW4792MDIPMFD,SGH4461,Desert Hills Prem East
RF5AW4792MDIPMFD,SGH2861,Fashion Fair Mall L
RF5AW4792MDIPMFD,SGH4126,Fashion Fair Mall 30
RF5AW4792MDIPMFD,SGH4544,Gilroy Premium Outlets 55
RF5AW4792MDIPMFD,SGH4746,Gilroy Premium Outlets 180
RF5AW4792MDIPMFD,SGH6092,Victoria Gardens
RF5AW4792MDIPMFD,SGH3543,The Gardens on El Paseo
RF5AW4792MDIPMFD,SGH4766,Cabazon Outlets
RF5AW4792MDIPMFD,SGH5341,Barstow Tanger Outlets
RF5AW4792MDIPMFD,SGH1296,Ontario Mills #108
RF5AW4792MDIPMFD,SGH1298,Ontario Mills #419
RF5AW4792MDIPMFD,SGH3709,Palm Desert
RF5AW4792MDIPMFD,SGH4209,Vintage Faire Mall Level 1
RF5AW4792MDIPMFD,SGH5129,Vintage Faire Mall Level 2
RF5AW4792MDIPMFD,SGH3350,Santana Row
RF5AW4792MDIPMFD,SGH3952,5673 Bay St
RF5AW4792MDIPMFD,SGH4301,Stonestown Galleria
RF5AW4792MDIPMFD,SGH4945,San Francisco Int'l Airport
RF5AW4792MDIPMFD,SGH5065,1887 Union St
RF5AW4792MDIPMFD,SGH5070,The Shops at Tanforan
RF5AW4792MDIPMFD,SGH5135,San Francisco Centre
RF5AW4792MDIPMFD,SGH5136,Pier 39
RF5AW4792MDIPMFD,SGH5160,2128 Chestnut St
RF5AW4792MDIPMFD,SGH5176,1323 Burlingame Ave
RF5AW4792MDIPMFD,SGH5273,Anchorage Square
RF5AW4792MDIPMFD,SGHC368,San Francisco Int'l Airport - T2
RF5AW4792MDIPMFD,SGHC369,San Francisco Int'l Airport - T3
RF5AW4792MDIPMFD,SGH4677,Broadway Plaza
RF5AW4792MDIPMFD,SGH5138,Great Mall Center
RF5AW4792MDIPMFD,SGH5139,Great Mall South
RF5AW4792MDIPMFD,SGH3965,Hillsdale Shopping Ctr
RF5AW4792MDIPMFD,SGH2260,Oakridge Mall
RF5AW4792MDIPMFD,SGH4602,Stanford Center
RF5AW4792MDIPMFD,SGH3070,Union Square
RF5AW4792MDIPMFD,SGH3452,Valley Fair Mall B270
RF5AW4792MDIPMFD,SGH5691,Valley Fair Mall 1131
RF5AW4792MDIPMFD,SGH1547,89 W Colorado Blvd
RF5AW4792MDIPMFD,SGH3190,Lake Elsinore Outlets
RF5AW4792MDIPMFD,SGH5036,The Shops at Dos Lagos
RF5AW4792MDIPMFD,SGH5540,The Shoppes Chino Hills
RF5AW4792MDIPMFD,SGH3668,Galleria at Tyler Level 1
RF5AW4792MDIPMFD,SGH4515,Galleria at Tyler Level 2
RF5AW4792MDIPMFD,SGH4169,Montclair Plaza
RF5AW4792MDIPMFD,SGH5145,North County Level 2
RF5AW4792MDIPMFD,SGH3931,Mall of Victor Valley
RF5AW4792MDIPMFD,SGH4536,Moreno Valley Mall
RF5AW4792MDIPMFD,SGH4174,North County Level 1
RF5AW4792MDIPMFD,SGH3422,Promenade Temecula
RF5AW4792MDIPMFD,SGH2704,Grand Hyatt Kauai
RF5AW4792MDIPMFD,SGH2969,Kings Shops
RF5AW4792MDIPMFD,SGH3351,International Marketplace
RF5AW4792MDIPMFD,SGH3933,Kukui Grove Center
RF5AW4792MDIPMFD,SGH4081,Waikele Premium Outlets
RF5AW4792MDIPMFD,SGH4647,Kahala Mall
RF5AW4792MDIPMFD,SGH5239,Queens MarketPlace
RF5AW4792MDIPMFD,SGH5344,Hyatt Regency Waikiki
RF5AW4792MDIPMFD,SGH5345,Kona Marketplace
RF5AW4792MDIPMFD,SGH5346,The Shops at Kukui'ula
RF5AW4792MDIPMFD,SGH6126,Royal Hawaiian Ctr Bldg A
RF5AW4792MDIPMFD,SGH4414,Ala Moana Center #1144
RF5AW4792MDIPMFD,SGH6098,Ala Moana Center #3302
RF5AW4792MDIPMFD,SGH7645,Ala Moana EWA WING #3535
RF5AW4792MDIPMFD,SGH3915,Pearlridge Center
RF5AW4792MDIPMFD,SGH1921,Prince Kuhio Plaza
RF5AW4792MDIPMFD,SGH4045,Whalers Village
RF5AW4792MDIPMFD,SGH4049,Furtado Building
RF5AW4792MDIPMFD,SGH4050,Kimos Building
RF5AW4792MDIPMFD,SGH4661,Hyatt Regency Maui
RF5AW4792MDIPMFD,SGH5543,The Shops at Wailea
RF5AW4792MDIPMFD,SGH5164,Ka Makana Ali'i
RF5AW4792MDIPMFD,SGH1294,Galleria at Sunset #1636
RF5AW4792MDIPMFD,SGH5061,Town Square
RF5AW4792MDIPMFD,SGH5347,The Forum Shops Caesars
RF5AW4792MDIPMFD,SGH8979,Grand Bazaar Shops
RF5AW4792MDIPMFD,SGHF640,Nellis AFB
RF5AW4792MDIPMFD,SGH3277,Downtown Summerlin
RF5AW4792MDIPMFD,SGH4026,Fashion Show Mall #2795
RF5AW4792MDIPMFD,SGH7663,Fashion Show Mall #1345
RF5AW4792MDIPMFD,SGH3099,Las Vegas Prem. South K101
RF5AW4792MDIPMFD,SGH4162,Las Vegas Prem. South K4
RF5AW4792MDIPMFD,SGH4263,Las Vegas Prem. North 1675
RF5AW4792MDIPMFD,SGH4266,Las Vegas Prem. North 1314
RF5AW4792MDIPMFD,SGH5757,Las Vegas Prem. South 234
RF5AW4792MDIPMFD,SGH3195,Miracle Mile Shops #H099
RF5AW4792MDIPMFD,SGH5148,Miracle Mile Shops #465
RF5AW4792MDIPMFD,SGH3185,Layton Hills Mall
RF5AW4792MDIPMFD,SGH3270,The Outlets at Zion
RF5AW4792MDIPMFD,SGH5058,Outlets Park City
RF5AW4792MDIPMFD,SGH5332,University Mall UT
RF5AW4792MDIPMFD,SGHF353,Kimball on Main
RF5AW4792MDIPMFD,SGHF529,Outlets at Traverse Mountain
RF5AW4792MDIPMFD,SGH3294,City Creek Center #115
RF5AW4792MDIPMFD,SGH2250,Fashion Place Mall
RF5AW4792MDIPMFD,SGH4086,Meadows Mall
RF5AW4792MDIPMFD,SGH1170,Napa Premium Outlets
RF5AW4792MDIPMFD,SGH1289,Pismo Beach Prem. Outlets
RF5AW4792MDIPMFD,SGH1678,Vacaville Premium Outlets
RF5AW4792MDIPMFD,SGH1987,Tulare Outlets
RF5AW4792MDIPMFD,SGH4087,Bayshore Mall
RF5AW4792MDIPMFD,SGH4123,Downtown Centre
RF5AW4792MDIPMFD,SGH4701,Petaluma Village Premium
RF5AW4792MDIPMFD,SGH5140,809 State St
RF5AW4792MDIPMFD,SGH5557,The Streets of Brentwood
RF5AW4792MDIPMFD,SGHA907,River Park Shopping Center
RF5AW4792MDIPMFD,SGHC370,Bishop Ranch
RF5AW4792MDIPMFD,SGH4201,Stoneridge Shopping
RF5AW4792MDIPMFD,SGH4512,Sunvalley Shopping Ctr
RF5AW4792MDIPMFD,SGH2402,Tejon Ranch Outlets #610
RF5AW4792MDIPMFD,SGH4911,Tejon Ranch Outlets #838
RF5AW4792MDIPMFD,SGH1582,Valley Plaza Mall
RF5AW4792MDIPMFD,SGH5694,Village at Corte Madera
RF5AW4792MDIPMFD,SGH3458,Visalia Mall
RF5AW4792MDIPMFD,SGH1769,1334 3rd St Promenade
RF5AW4792MDIPMFD,SGH4022,356 N Beverly Dr
RF5AW4792MDIPMFD,SGH5614,Disneyland-California Adventure
RF5AW4792MDIPMFD,SGH7064,Village at Topanga
RF5AW4792MDIPMFD,SGHE866,The Collection at Riverpark
RF5AW4792MDIPMFD,SGH4925,Beverly Center
RF5AW4792MDIPMFD,SGH3771,Camarillo Premium #508
RF5AW4792MDIPMFD,SGH4462,Camarillo Premium #802
RF5AW4792MDIPMFD,SGH6510,Camarillo Premium #1224A
RF5AW4792MDIPMFD,SGH3025,Disneyland
RF5AW4792MDIPMFD,SGH7664,Disneyland Kiosk
RF5AW4792MDIPMFD,SGH3646,Northridge Fashion Level 1
RF5AW4792MDIPMFD,SGH5701,Northridge Fashion Level 2
RF5AW4792MDIPMFD,SGH3929,Antelope Valley Mall
RF5AW4792MDIPMFD,SGH3705,Fashion Square
RF5AW4792MDIPMFD,SGH4132,Valencia Town Center
RF5AW4792MDIPMFD,SGH3719,Burbank Town Center
RF5AW4792MDIPMFD,SGH1654,The Oaks Level 1
RF5AW4792MDIPMFD,SGH2264,Topanga #44
RF5AW4792MDIPMFD,SGH5697,Topanga #99D
RF5AW4792MDIPMFD,SGH4670,West Covina Mall
RF5AW4792MDIPMFD,SGH1548,5009 E 2nd St
RF5AW4792MDIPMFD,SGH3460,Irvine Spectrum Center
RF5AW4792MDIPMFD,SGH4296,Outlets at San Clemente
RF5AW4792MDIPMFD,SGH4917,Pike Outlets
RF5AW4792MDIPMFD,SGH5313,The Outlets at Orange
RF5AW4792MDIPMFD,SGHE882,The Market Place
RF5AW4792MDIPMFD,SGHE970,2nd and PCH
RF5AW4792MDIPMFD,SGHF557,Pierside Pavilion
RF5AW4792MDIPMFD,SGH3633,Brea Mall Lower
RF5AW4792MDIPMFD,SGH6083,Brea Mall Upper
RF5AW4792MDIPMFD,SGH4170,Lakewood Center
RF5AW4792MDIPMFD,SGH4587,Los Cerritos Center
RF5AW4792MDIPMFD,SGH4378,South Coast Plaza 124
RF5AW4792MDIPMFD,SGH5028,South Coast Plaza 2852
RF5AW4792MDIPMFD,SGH3930,Stonewood Center
RF5AW4792MDIPMFD,SGH4437,MainPlace Mall
RF5AW4792MDIPMFD,SGH3130,Shops at Mission Viejo
RF5AW4792MDIPMFD,SGH1576,Mt Shasta Mall
RF5AW4792MDIPMFD,SGH2401,The Shops Heavenly Vill.
RF5AW4792MDIPMFD,SGH2868,San Francisco Premium 1365
RF5AW4792MDIPMFD,SGH2963,Folsom Premium Outlets
RF5AW4792MDIPMFD,SGH4638,Yuba Sutter Mall
RF5AW4792MDIPMFD,SGH4780,Chico Mall
RF5AW4792MDIPMFD,SGH5094,The Summit NV
RF5AW4792MDIPMFD,SGH5555,Fountains at Roseville
RF5AW4792MDIPMFD,SGH6134,San Francisco Premium 3664
RF5AW4792MDIPMFD,SGH4459,Arden Fair #1030
RF5AW4792MDIPMFD,SGH3386,Galleria at Roseville #167
RF5AW4792MDIPMFD,SGH5343,Galleria at Roseville 2140
RF5AW4792MDIPMFD,SGH4498,Meadowood Mall
RF5AW4792MDIPMFD,SGH4573,Santa Rosa Plaza
RF5AW4792MDIPMFD,SGH4407,Weberstown Mall
RF5AW4792MDIPMFD,SGH4382,Solano Mall
RF5AW4792MDIPMFD,SGH2706,The Headquarters
RF5AW4792MDIPMFD,SGH2786,Gran Plaza Outlets
RF5AW4792MDIPMFD,SGH3015,Outlets at Viejas
RF5AW4792MDIPMFD,SGH3779,Parkway Mall
RF5AW4792MDIPMFD,SGH4857,Girard Avenue
RF5AW4792MDIPMFD,SGH5048,Yuma Palms Regional Ctr
RF5AW4792MDIPMFD,SGH5144,Mission Valley Center
RF5AW4792MDIPMFD,SGH9533,Shoppes at Carlsbad
RF5AW4792MDIPMFD,SGH4466,Carlsbad Premium South
RF5AW4792MDIPMFD,SGH4778,Carlsbad Premium West
RF5AW4792MDIPMFD,SGH2798,Fashion Valley 865
RF5AW4792MDIPMFD,SGH5702,Fashion Valley 255
RF5AW4792MDIPMFD,SGH4360,Las Americas Premium Outlets 439
RF5AW4792MDIPMFD,SGH4779,Las Americas Premium Outlets 122
RF5AW4792MDIPMFD,SGH4869,Outlets on the Border
RF5AW4792MDIPMFD,SGH5086,University Town Center
RF5AW4792MDIPMFD,SGH4165,Imperial Valley Mall
RF5AW4792MDIPMFD,SGH5174,Otay Ranch Town Center
RF5AW4792MDIPMFD,SGH5365,Plaza Bonita
RF5AW4792MDIPMFD,SGH1869,North of Nell
RF5AW4792MDIPMFD,SGH2242,Magic Valley Mall
RF5AW4792MDIPMFD,SGH2287,Grand Teton Mall
RF5AW4792MDIPMFD,SGH2352,Outlets at Silverthorne
RF5AW4792MDIPMFD,SGH3429,Mesa Mall
RF5AW4792MDIPMFD,SGH3478,Gallatin Valley Mall
RF5AW4792MDIPMFD,SGH3686,The Citadel
RF5AW4792MDIPMFD,SGH3691,Pueblo Mall
RF5AW4792MDIPMFD,SGH4468,Foothills Mall
RF5AW4792MDIPMFD,SGH4551,Southgate Mall
RF5AW4792MDIPMFD,SGH4367,Boise Towne Square
RF5AW4792MDIPMFD,SGH3687,Chapel Hills Mall
RF5AW4792MDIPMFD,SGH5040,Promenade Shops at Ctrra
RF5AW4792MDIPMFD,SGH1803,Denver Pavilions
RF5AW4792MDIPMFD,SGH2551,1805 29th St Promenade
RF5AW4792MDIPMFD,SGH4575,Town Center at Aurora
RF5AW4792MDIPMFD,SGH5035,Southlands
RF5AW4792MDIPMFD,SGH7036,Southwest Plaza
RF5AW4792MDIPMFD,SGH8693,Denver Premium Outlets
RF5AW4792MDIPMFD,SGHC393,Denver Int'l Airport - Terminal A
RF5AW4792MDIPMFD,SGH4029,Cherry Creek Shoppng Lower
RF5AW4792MDIPMFD,SGH5699,Cherry Creek Shoppng Upper
RF5AW4792MDIPMFD,SGH5551,Denver Int'l Airport
RF5AW4792MDIPMFD,SGH9384,Denver International Airport
RF5AW4792MDIPMFD,SGH4652,Outlets at Castle Rock 208
RF5AW4792MDIPMFD,SGH4697,Outlets at Castle Rock 910
RF5AW4792MDIPMFD,SGH3729,Park Meadows Mall #2145
RF5AW4792MDIPMFD,SGH5712,Park Meadows Mall #1302
RF5AW4792MDIPMFD,SGH3946,Colorado Mills West
RF5AW4792MDIPMFD,SGH4072,Colorado Mills East
RF5AW4792MDIPMFD,SGH3136,FlatIron Crossing #2184
RF5AW4792MDIPMFD,SGH5367,The Orchard Town Center
RF5AW4792MDIPMFD,SGH2095,North Riverside Park Mall
RF5AW4792MDIPMFD,SGH2277,Lighthouse Place Premium
RF5AW4792MDIPMFD,SGH3187,Chicago O'Hare Int'l Airport T2
RF5AW4792MDIPMFD,SGH3199,The Shops at North Bridge
RF5AW4792MDIPMFD,SGH3411,Chicago O'Hare Int'l Airport T3
RF5AW4792MDIPMFD,SGH3966,Yorktown Center
RF5AW4792MDIPMFD,SGH4683,Chicago Ridge Mall
RF5AW4792MDIPMFD,SGH5530,Chicago O'Hare Int'l Airport T1
RF5AW4792MDIPMFD,SGH4278,Chicago Premium #1410
RF5AW4792MDIPMFD,SGH4280,Chicago Premium #1249
RF5AW4792MDIPMFD,SGH4930,Chicago Premium #973
RF5AW4792MDIPMFD,SGH5758,Water Tower Place
RF5AW4792MDIPMFD,SGH4868,Woodfield Mall Upper Lvl N
RF5AW4792MDIPMFD,SGH2563,Fashion Outl. of Chicago
RF5AW4792MDIPMFD,SGH5536,201 S Main St
RF5AW4792MDIPMFD,SGH5682,Block Thirty Seven
RF5AW4792MDIPMFD,SGH9517,900 North Michigan Shops
RF5AW4792MDIPMFD,SGH3740,Oakbrook Center
RF5AW4792MDIPMFD,SGH2309,Woodfield Mall Upper Lvl S
RF5AW4792MDIPMFD,SGH4245,Louis Joliet Mall
RF5AW4792MDIPMFD,SGH4630,Orland Square
RF5AW4792MDIPMFD,SGH5095,Promenade Bolingbrook
RF5AW4792MDIPMFD,SGH2033,Southlake Mall
RF5AW4792MDIPMFD,SGH2013,Tippecanoe Mall Kiosk
RF5AW4792MDIPMFD,SGH1995,Pleasant Prairie Premium
RF5AW4792MDIPMFD,SGH2314,West Towne Mall
RF5AW4792MDIPMFD,SGH3553,Deer Park Town Center
RF5AW4792MDIPMFD,SGH4177,Northbrook Court
RF5AW4792MDIPMFD,SGH4737,Brookfield Square
RF5AW4792MDIPMFD,SGH5041,Bayshore Town Center
RF5AW4792MDIPMFD,SGH5301,Outlets The Dells
RF5AW4792MDIPMFD,SGH5752,Johnson Creek Prem. Outl.
RF5AW4792MDIPMFD,SGH2449,Old Orchard Mall #N32
RF5AW4792MDIPMFD,SGH4058,Old Orchard Mall #A9
RF5AW4792MDIPMFD,SGH3427,Fox River Mall
RF5AW4792MDIPMFD,SGH4227,Mayfair Mall
RF5AW4792MDIPMFD,SGH3044,Great Lakes Crossings
RF5AW4792MDIPMFD,SGH3912,Grand Rapids Tanger Outl.
RF5AW4792MDIPMFD,SGH4333,Meridian Mall
RF5AW4792MDIPMFD,SGH4450,Briarwood Mall
RF5AW4792MDIPMFD,SGH4711,Birch Run Premium Outlets
RF5AW4792MDIPMFD,SGH5257,Franklin Park Mall
RF5AW4792MDIPMFD,SGH5330,The Mall Partridge Creek
RF5AW4792MDIPMFD,SGHE652,Tanger Outlet Howell
RF5AW4792MDIPMFD,SGH1506,Somerset Collection M
RF5AW4792MDIPMFD,SGH4952,Somerset Collection T
RF5AW4792MDIPMFD,SGH4074,Twelve Oaks Mall Upper
RF5AW4792MDIPMFD,SGH4456,Twelve Oaks Mall Lower
RF5AW4792MDIPMFD,SGH4264,Woodland Mall
RF5AW4792MDIPMFD,SGH2276,Miller Hill Mall
RF5AW4792MDIPMFD,SGH2740,Twin Cities Prem. Outlets
RF5AW4792MDIPMFD,SGH5056,Albertville Prem. Outlets
RF5AW4792MDIPMFD,SGH5057,Woodbury Lakes
RF5AW4792MDIPMFD,SGH5084,Minneapolis St Paul Int'l Arpt
RF5AW4792MDIPMFD,SGHC942,Minneapolis Int’l Airport
RF5AW4792MDIPMFD,SGHF389,Rosedale Center
RF5AW4792MDIPMFD,SGH4432,Mall of America N 1st Fl
RF5AW4792MDIPMFD,SGH4936,Mall of America W 2nd Fl
RF5AW4792MDIPMFD,SGH4329,Ridgedale Center
RF5AW4792MDIPMFD,SGH4434,Southdale Center
RF5AW4792MDIPMFD,SGH2108,Mall of America SW 3rd Fl
RF5AW4792MDIPMFD,SGH5764,Mall of America NE 2nd Fl
RF5AW4792MDIPMFD,SGH2300,Edinburgh Premium Outlets
RF5AW4792MDIPMFD,SGH3036,Fashion Mall at Keystone
RF5AW4792MDIPMFD,SGH3653,Mall St Matthews
RF5AW4792MDIPMFD,SGH3684,Paddock Shops
RF5AW4792MDIPMFD,SGH5361,Hamilton Town Center
RF5AW4792MDIPMFD,SGH5528,Clay Terrace
RF5AW4792MDIPMFD,SGH5721,The Fashion Mall Keystone
RF5AW4792MDIPMFD,SGH3761,Glenbrook Square Mall
RF5AW4792MDIPMFD,SGH2100,Oxmoor Center
RF5AW4792MDIPMFD,SGH2001,Greenwood Park Mall
RF5AW4792MDIPMFD,SGH2735,Outlet Shoppes Bluegrass W
RF5AW4792MDIPMFD,SGH4908,Outlet Shoppes Bluegrass E
RF5AW4792MDIPMFD,SGH1945,University Park Mall
RF5AW4792MDIPMFD,SGH2000,Castleton Square
RF5AW4792MDIPMFD,SGH1566,Redmond Town Center
RF5AW4792MDIPMFD,SGH1570,NorthTown Mall
RF5AW4792MDIPMFD,SGH1675,North Bend Prem. Outlets
RF5AW4792MDIPMFD,SGH2377,320 W 5th Ave
RF5AW4792MDIPMFD,SGH2970,Dimond Center
RF5AW4792MDIPMFD,SGH3927,University Village
RF5AW4792MDIPMFD,SGH4529,Outlet Collection Seattle
RF5AW4792MDIPMFD,SGH4589,Bellevue Square
RF5AW4792MDIPMFD,SGH4422,Southcenter Mall
RF5AW4792MDIPMFD,SGH4307,Capital Mall
RF5AW4792MDIPMFD,SGH4256,South Hill Mall
RF5AW4792MDIPMFD,SGH4341,Tacoma Mall
RF5AW4792MDIPMFD,SGH3034,Spokane Valley Mall
RF5AW4792MDIPMFD,SGH5011,Seattle Premium 368
RF5AW4792MDIPMFD,SGH5760,Seattle Premium 600D
RF5AW4792MDIPMFD,SGH4527,Alderwood Mall
RF5AW4792MDIPMFD,SGH1538,Crocker Park
RF5AW4792MDIPMFD,SGH3571,The Waterfront
RF5AW4792MDIPMFD,SGH4036,Beachwood Place Mall
RF5AW4792MDIPMFD,SGH4588,Pittsburgh Int'l Airport
RF5AW4792MDIPMFD,SGH4665,Grove City Prem. Outlets
RF5AW4792MDIPMFD,SGH5030,Washington Tanger Outlets
RF5AW4792MDIPMFD,SGH5250,Aurora Farms Prem. Outl.
RF5AW4792MDIPMFD,SGH2117,Belden Village Mall
RF5AW4792MDIPMFD,SGH2018,Ross Park Mall
RF5AW4792MDIPMFD,SGH4249,South Hills Village
RF5AW4792MDIPMFD,SGH4207,Southern Park Mall
RF5AW4792MDIPMFD,SGH1773,SouthPark Mall
RF5AW4792MDIPMFD,SGH3540,Summit Mall
RF5AW4792MDIPMFD,SGH3594,The Mall at Robinson
RF5AW4792MDIPMFD,SGH1914,French Mountain Commons
RF5AW4792MDIPMFD,SGH1915,Kittery Premium Outlets
RF5AW4792MDIPMFD,SGH2524,Merrimack Premium Outlets
RF5AW4792MDIPMFD,SGH3755,Fashion Outl. Niagara F.
RF5AW4792MDIPMFD,SGH3756,Waterloo Premium Outlets
RF5AW4792MDIPMFD,SGH4259,Settlers Green Outlet V.
RF5AW4792MDIPMFD,SGH4271,Fox Run Mall
RF5AW4792MDIPMFD,SGH4299,Bangor Mall
RF5AW4792MDIPMFD,SGH4347,Freeport Village Station
RF5AW4792MDIPMFD,SGH4420,Mall at Rockingham Park
RF5AW4792MDIPMFD,SGH4270,Mall of New Hampshire #125
RF5AW4792MDIPMFD,SGH4595,The Maine Mall
RF5AW4792MDIPMFD,SGH4353,Walden Galleria
RF5AW4792MDIPMFD,SGH4144,Crossgates Mall
RF5AW4792MDIPMFD,SGH5075,Destiny USA
RF5AW4792MDIPMFD,SGH4669,Eastview Mall
RF5AW4792MDIPMFD,SGH2964,Mall of New Hampshire #155
RF5AW4792MDIPMFD,SGH4443,Pheasant Lane Mall
RF5AW4792MDIPMFD,SGH2020,Cordova Mall
RF5AW4792MDIPMFD,SGH2145,Village Mall
RF5AW4792MDIPMFD,SGH2187,University Mall AL
RF5AW4792MDIPMFD,SGH2564,The Summit AL
RF5AW4792MDIPMFD,SGH3663,Silver Sands Premium Outlets
RF5AW4792MDIPMFD,SGH4020,The Mall Barnes Crossing
RF5AW4792MDIPMFD,SGH4402,Eastern Shore Centre
RF5AW4792MDIPMFD,SGH4759,Wiregrass Commons
RF5AW4792MDIPMFD,SGH4761,Bel Air Mall
RF5AW4792MDIPMFD,SGH4895,Outlet Shops Grand River
RF5AW4792MDIPMFD,SGH5039,The Shoppes at Eastchase
RF5AW4792MDIPMFD,SGH5541,Pier Park
RF5AW4792MDIPMFD,SGH5562,500 Grand Blvd
RF5AW4792MDIPMFD,SGH4069,Foley Tanger Outlets #E21B
RF5AW4792MDIPMFD,SGH4896,Foley Tanger Outlets #210
RF5AW4792MDIPMFD,SGH4933,Riverchase Galleria Mall
RF5AW4792MDIPMFD,SGH1126,Independence Mall
RF5AW4792MDIPMFD,SGH1938,Blowing Rock Tanger Outl.
RF5AW4792MDIPMFD,SGH2112,The Mall at Johnson City
RF5AW4792MDIPMFD,SGH3469,Concord Mills
RF5AW4792MDIPMFD,SGH3597,Jacksonville Mall
RF5AW4792MDIPMFD,SGH3733,Valley Hills Mall
RF5AW4792MDIPMFD,SGH3939,Greenville Mall
RF5AW4792MDIPMFD,SGH4641,Carolina Place Mall
RF5AW4792MDIPMFD,SGH5191,Birkdale Village
RF5AW4792MDIPMFD,SGH5270,Mayfaire Town Center
RF5AW4792MDIPMFD,SGH5371,Four Seasons Town Centre
RF5AW4792MDIPMFD,SGH2739,Charlotte Premium #260
RF5AW4792MDIPMFD,SGH4909,Charlotte Premium #855
RF5AW4792MDIPMFD,SGH4507,Hanes Mall El
RF5AW4792MDIPMFD,SGH4508,Hanes Mall AU
RF5AW4792MDIPMFD,SGH4910,Mebane Tanger Outlets #560
RF5AW4792MDIPMFD,SGH5681,Mebane Tanger Outlets #898
RF5AW4792MDIPMFD,SGH4435,Cross Creek Mall
RF5AW4792MDIPMFD,SGH4418,Northlake Mall
RF5AW4792MDIPMFD,SGH3958,SouthPark B4
RF5AW4792MDIPMFD,SGH5087,SouthPark K102
RF5AW4792MDIPMFD,SGH1224,Valdosta Mall
RF5AW4792MDIPMFD,SGH1238,Columbiana Centre
RF5AW4792MDIPMFD,SGH5044,The Ave at W Cobb
RF5AW4792MDIPMFD,SGH5550,The Shoppes River Cr.
RF5AW4792MDIPMFD,SGH3980,Outlet Shoppes Atl. #495
RF5AW4792MDIPMFD,SGH4901,Outlet Shoppes Atl. #460
RF5AW4792MDIPMFD,SGHA713,Crabtree Mall - Belk
RF5AW4792MDIPMFD,SGHA714,Haywood Mall - Belk
RF5AW4792MDIPMFD,SGHF560,Summit Mall - Belk
RF5AW4792MDIPMFD,SGHF561,Columbiana Mall - Belk
RF5AW4792MDIPMFD,SGHF562,Mt. Pleasant Mall - Belk
RF5AW4792MDIPMFD,SGHF563,Winston-Salem Mall - Belk
RF5AW4792MDIPMFD,SGHF564,Flowood Mall - Belk
RF5AW4792MDIPMFD,SGHF565,Bridgestreet Mall - Belk
RF5AW4792MDIPMFD,SGHA715,South Park Mall - Belk
RF5AW4792MDIPMFD,SGH3672,Augusta Mall
RF5AW4792MDIPMFD,SGH4154,Cumberland Mall
RF5AW4792MDIPMFD,SGH4505,Peachtree Mall
RF5AW4792MDIPMFD,SGH8489,Town Ctr Cobb
RF5AW4792MDIPMFD,SGH1830,Barefoot Landing
RF5AW4792MDIPMFD,SGH3572,The Streets at Southpoint
RF5AW4792MDIPMFD,SGH4039,Myrtle Beach Tanger 870
RF5AW4792MDIPMFD,SGH4229,Shops At Charleston Place
RF5AW4792MDIPMFD,SGH4397,Coastal Grand
RF5AW4792MDIPMFD,SGH5099,Myrtle Beach Mkt Common
RF5AW4792MDIPMFD,SGH5156,Triangle Town Center
RF5AW4792MDIPMFD,SGH5157,Carolina Premium Outlets
RF5AW4792MDIPMFD,SGH5241,North Hills
RF5AW4792MDIPMFD,SGH9574,Mount Pleasant Towne Ctr
RF5AW4792MDIPMFD,SGH4890,Charleston Tanger #861
RF5AW4792MDIPMFD,SGH5060,Charleston Tanger #781
RF5AW4792MDIPMFD,SGH5154,Crabtree Valley Mall South
RF5AW4792MDIPMFD,SGH3742,Broadway at the Beach S
RF5AW4792MDIPMFD,SGH4921,Broadway at the Beach N
RF5AW4792MDIPMFD,SGH5255,Crabtree Valley Mall North
RF5AW4792MDIPMFD,SGH3746,Myrtle Beach Tanger D110
RF5AW4792MDIPMFD,SGH4729,Myrtle Beach Tanger N215
RF5AW4792MDIPMFD,SGH1843,Church St Inn and Shops
RF5AW4792MDIPMFD,SGH4892,French Quarter Inn and S.
RF5AW4792MDIPMFD,SGH1712,WestGate Mall SC
RF5AW4792MDIPMFD,SGH4439,Asheville Mall
RF5AW4792MDIPMFD,SGH5359,Asheville Outlets
RF5AW4792MDIPMFD,SGH1267,Haywood Mall
RF5AW4792MDIPMFD,SGH1754,Gaffney Premium Outlets W
RF5AW4792MDIPMFD,SGH4900,Gaffney Premium Outlets E
RF5AW4792MDIPMFD,SGH3273,Arbor Place
RF5AW4792MDIPMFD,SGH4891,Hilton Head Int'l Airport
RF5AW4792MDIPMFD,SGH5252,The Shoppes at Webb Gin
RF5AW4792MDIPMFD,SGH5690,The Ave at E Cobb
RF5AW4792MDIPMFD,SGH2950,Hilton Head Tanger F130
RF5AW4792MDIPMFD,SGH6133,Hilton Head Tanger C340
RF5AW4792MDIPMFD,SGH3283,Lenox Square
RF5AW4792MDIPMFD,SGH4680,Lenox Square Lower
RF5AW4792MDIPMFD,SGH5294,Mall of Georgia #2023A
RF5AW4792MDIPMFD,SGH4637,North Georgia Premium 455
RF5AW4792MDIPMFD,SGH4893,North Georgia Premium 580
RF5AW4792MDIPMFD,SGH3202,Savannah Tanger #397
RF5AW4792MDIPMFD,SGH4912,Savannah Tanger #6
RF5AW4792MDIPMFD,SGH3040,Avalon Mall GA
RF5AW4792MDIPMFD,SGH4546,Phipps Plaza
RF5AW4792MDIPMFD,SGH4894,Commerce Tanger Outlets
RF5AW4792MDIPMFD,SGH5362,The Collection at Forsyth
RF5AW4792MDIPMFD,SGHD185,Locust Grove
RF5AW4792MDIPMFD,SGH5816,Perimeter Mall 2385
RF5AW4792MDIPMFD,SGH3644,Mall of Georgia #1014
RF5AW4792MDIPMFD,SGH4986,Oglethorpe Mall
RF5AW4792MDIPMFD,SGH383,Perimeter Mall 204
RF5AW4792MDIPMFD,SGH3614,Sugarloaf Mills
RF5AW4792MDIPMFD,SGH2113,Mall of Abilene
RF5AW4792MDIPMFD,SGH2168,Sunset Mall
RF5AW4792MDIPMFD,SGH3551,Tanger Outlets San Marcos
RF5AW4792MDIPMFD,SGH3688,Killeen Mall
RF5AW4792MDIPMFD,SGH4082,Richland Mall
RF5AW4792MDIPMFD,SGH4585,Post Oak Mall
RF5AW4792MDIPMFD,SGH5535,Hill Country Galleria
RF5AW4792MDIPMFD,SGHF586,2nd Street District
RF5AW4792MDIPMFD,SGHF635,Fort Hood
RF5AW4792MDIPMFD,SGH461,Barton Creek Square
RF5AW4792MDIPMFD,SGH4929,Round Rock Premium #879
RF5AW4792MDIPMFD,SGH5051,Round Rock Premium #739
RF5AW4792MDIPMFD,SGH4649,San Marcos Premium 720
RF5AW4792MDIPMFD,SGH4738,San Marcos Premium 507
RF5AW4792MDIPMFD,SGH6139,The Domain
RF5AW4792MDIPMFD,SGH1505,Lakeline Mall
RF5AW4792MDIPMFD,SGH1270,Cottonwood Mall
RF5AW4792MDIPMFD,SGH1868,Animas Valley Mall
RF5AW4792MDIPMFD,SGH2179,Mesilla Valley Mall
RF5AW4792MDIPMFD,SGH4186,Westgate Mall TX
RF5AW4792MDIPMFD,SGH4275,Music City Mall
RF5AW4792MDIPMFD,SGH4572,Sunland Park Mall
RF5AW4792MDIPMFD,SGH4581,Midland Park Mall
RF5AW4792MDIPMFD,SGH4755,Fashion Outl. of Santa Fe
RF5AW4792MDIPMFD,SGH5289,ABQ Uptown
RF5AW4792MDIPMFD,SGH6077,Cielo Vista Mall Lower
RF5AW4792MDIPMFD,SGH7171,Cielo Vista Mall Upper
RF5AW4792MDIPMFD,SGH1453,Coronado Center #15A
RF5AW4792MDIPMFD,SGH8680,Coronado Center #T028
RF5AW4792MDIPMFD,SGH3677,South Plains Mall D
RF5AW4792MDIPMFD,SGH4932,Outlet Shoppes ElPaso D483
RF5AW4792MDIPMFD,SGH5312,Outlet Shoppes ElPaso D496
RF5AW4792MDIPMFD,SGH1430,Grapevine Mills
RF5AW4792MDIPMFD,SGH2437,Southlake Town Square
RF5AW4792MDIPMFD,SGH3076,Sundance Square
RF5AW4792MDIPMFD,SGH5198,University Park Village
RF5AW4792MDIPMFD,SGH5304,Highland Village
RF5AW4792MDIPMFD,SGH5326,Arlington Highlands
RF5AW4792MDIPMFD,SGH5756,Paragon Outl. Grand P.
RF5AW4792MDIPMFD,SGH9073,The Shops at Clearfork
RF5AW4792MDIPMFD,SGHF775,Tanger Outlets Fort Worth
RF5AW4792MDIPMFD,SGH3385,Stonebriar Centre 2230
RF5AW4792MDIPMFD,SGH3962,Hulen Mall #2145
RF5AW4792MDIPMFD,SGH5601,Hulen Mall #2085
RF5AW4792MDIPMFD,SGH4561,North East Mall
RF5AW4792MDIPMFD,SGH5814,Stonebriar Centre K240
RF5AW4792MDIPMFD,SGH2794,Parks Arlington #1064
RF5AW4792MDIPMFD,SGH2176,Pecanland Mall
RF5AW4792MDIPMFD,SGH2182,Longview Mall
RF5AW4792MDIPMFD,SGH2949,The Outl. of Mississippi
RF5AW4792MDIPMFD,SGH4518,Broadway Square Mall
RF5AW4792MDIPMFD,SGH4519,Northpark Mall MS
RF5AW4792MDIPMFD,SGH4763,Allen Premium Outlets
RF5AW4792MDIPMFD,SGH4913,Terrell Tanger Outlets
RF5AW4792MDIPMFD,SGH5199,West Village
RF5AW4792MDIPMFD,SGHA754,Renaissance at Colony Park
RF5AW4792MDIPMFD,SGH4548,Galleria Dallas 2520
RF5AW4792MDIPMFD,SGH4141,NorthPark Center
RF5AW4792MDIPMFD,SGH3265,Town E Mall
RF5AW4792MDIPMFD,SGH6094,Firewheel Town Center
RF5AW4792MDIPMFD,SGH3938,Shops at Willow Bend
RF5AW4792MDIPMFD,SGH1683,Prien Lake Mall
RF5AW4792MDIPMFD,SGH2068,Parkdale Mall
RF5AW4792MDIPMFD,SGH2948,Outlet Coll. Riverwalk 160
RF5AW4792MDIPMFD,SGH3593,The Village Shopping Ctr
RF5AW4792MDIPMFD,SGH4157,The Shops at Canal Place
RF5AW4792MDIPMFD,SGH4425,Mall of Acadiana
RF5AW4792MDIPMFD,SGH4685,Gulfport Premium Outlets
RF5AW4792MDIPMFD,SGH5046,The Woodlands Market St
RF5AW4792MDIPMFD,SGH5127,George Bush Int'l Airport S
RF5AW4792MDIPMFD,SGH5815,Gonzales Tanger Outlets
RF5AW4792MDIPMFD,SGH6128,10111 Perkins Row
RF5AW4792MDIPMFD,SGH9531,George Bush Int'l Airport N
RF5AW4792MDIPMFD,SGHE532,Town and Country Village
RF5AW4792MDIPMFD,SGH4928,Houston Premium #977
RF5AW4792MDIPMFD,SGH5687,Houston Premium #930
RF5AW4792MDIPMFD,SGH4182,Houston Galleria 3640
RF5AW4792MDIPMFD,SGH4218,Houston Galleria 2495
RF5AW4792MDIPMFD,SGH3573,Lakeside Shopping Ctr
RF5AW4792MDIPMFD,SGH4096,The Woodlands Mall 2182
RF5AW4792MDIPMFD,SGH2075,Deerbrook Mall Lvl 2
RF5AW4792MDIPMFD,SGH1776,Mall of Louisiana
RF5AW4792MDIPMFD,SGH1537,River Oaks Shopping Center
RF5AW4792MDIPMFD,SGH2856,Gulf Freeway Tanger Outl.
RF5AW4792MDIPMFD,SGH3470,Katy Mills
RF5AW4792MDIPMFD,SGH9573,Rice Village
RF5AW4792MDIPMFD,SGH2050,Baybrook Mall #700
RF5AW4792MDIPMFD,SGH4159,Baybrook Mall #1337
RF5AW4792MDIPMFD,SGH1197,First Colony Mall #12
RF5AW4792MDIPMFD,SGH4364,Memorial City Mall
RF5AW4792MDIPMFD,SGH5363,Pearland Town Center
RF5AW4792MDIPMFD,SGH4158,Willowbrook Mall
RF5AW4792MDIPMFD,SGH5397,Baybrook Mall
RF5AW4792MDIPMFD,SGH2956,First Colony Mall #3005
RF5AW4792MDIPMFD,SGH1557,829 E Las Olas Blvd
RF5AW4792MDIPMFD,SGH5308,The Shops at Pembroke Gardens
RF5AW4792MDIPMFD,SGH3476,Aventura Mall
RF5AW4792MDIPMFD,SGH3924,Broward Mall
RF5AW4792MDIPMFD,SGH3562,Dolphin Mall E290
RF5AW4792MDIPMFD,SGH4923,Dolphin Mall E395
RF5AW4792MDIPMFD,SGH4199,Galleria Ft Lauderdale
RF5AW4792MDIPMFD,SGH4293,Miami Int'l Mall
RF5AW4792MDIPMFD,SGH4442,Pembroke Lakes Mall
RF5AW4792MDIPMFD,SGH1829,Sawgrass Mills 305
RF5AW4792MDIPMFD,SGH4618,Sawgrass Mills 701
RF5AW4792MDIPMFD,SGH6136,Sawgrass Mills 203
RF5AW4792MDIPMFD,SGH1920,Bell Tower Shops
RF5AW4792MDIPMFD,SGH4386,Port Charlotte Town Ctr
RF5AW4792MDIPMFD,SGH4571,Sarasota Square
RF5AW4792MDIPMFD,SGH5219,Waterside Shops
RF5AW4792MDIPMFD,SGH5243,Coconut Point Town Center
RF5AW4792MDIPMFD,SGHE843,St. Armands Circle
RF5AW4792MDIPMFD,SGH4294,Coastland Center D11
RF5AW4792MDIPMFD,SGH2185,Edison Mall
RF5AW4792MDIPMFD,SGH4629,Ellenton Premium Outlets 562
RF5AW4792MDIPMFD,SGH4633,Ellenton Premium Outlets 110
RF5AW4792MDIPMFD,SGH6540,Ellenton Premium Outlets 275
RF5AW4792MDIPMFD,SGH4348,Miromar Outlets 362
RF5AW4792MDIPMFD,SGH4739,Miromar Outlets 311
RF5AW4792MDIPMFD,SGH6088,Miromar Outlets 174
RF5AW4792MDIPMFD,SGH3961,University Town Ctr
RF5AW4792MDIPMFD,SGH3749,Coastland Center J10
RF5AW4792MDIPMFD,SGH1452,The Avenues
RF5AW4792MDIPMFD,SGH1797,Volusia Mall
RF5AW4792MDIPMFD,SGH2170,Paddock Mall
RF5AW4792MDIPMFD,SGH3745,Seminole Towne Center
RF5AW4792MDIPMFD,SGH4135,Orange Park Mall
RF5AW4792MDIPMFD,SGH4140,The Oaks Mall
RF5AW4792MDIPMFD,SGH4272,Lakeland Square Mall
RF5AW4792MDIPMFD,SGH5027,The Ave at Viera
RF5AW4792MDIPMFD,SGH5049,Lakeside Village
RF5AW4792MDIPMFD,SGH5354,St Johns Town Center
RF5AW4792MDIPMFD,SGH5366,The Loop
RF5AW4792MDIPMFD,SGH5369,Ocean Walk Shoppes
RF5AW4792MDIPMFD,SGH5564,Orlando Int'l Airport
RF5AW4792MDIPMFD,SGH5753,Waterford Lakes Town Center
RF5AW4792MDIPMFD,SGHF395,Orlando Int'l Airport Terminal C
RF5AW4792MDIPMFD,SGH3123,Daytona B. Tanger East
RF5AW4792MDIPMFD,SGH4919,Daytona B. Tanger West
RF5AW4792MDIPMFD,SGH4295,Melbourne Square
RF5AW4792MDIPMFD,SGH4112,Altamonte Mall Level 2
RF5AW4792MDIPMFD,SGH4483,Altamonte Mall Level 1
RF5AW4792MDIPMFD,SGH2175,St Augustine Premium Outlets 105
RF5AW4792MDIPMFD,SGH4774,St Augustine Premium Outlets 904
RF5AW4792MDIPMFD,SGH1768,673 Collins Ave Spc B
RF5AW4792MDIPMFD,SGH2872,Heritage Quay
RF5AW4792MDIPMFD,SGH2974,Front St 20
RF5AW4792MDIPMFD,SGH3271,845 Lincoln Rd-Flagship
RF5AW4792MDIPMFD,SGH3406,Havensight Mall
RF5AW4792MDIPMFD,SGH4211,Bayside Marketplace
RF5AW4792MDIPMFD,SGH4592,710 Duval St
RF5AW4792MDIPMFD,SGH4742,Florida Keys Outlet Center
RF5AW4792MDIPMFD,SGH5062,Yacht Haven
RF5AW4792MDIPMFD,SGH5125,Shops at Merrick Park
RF5AW4792MDIPMFD,SGHA908,Brickell City Centre
RF5AW4792MDIPMFD,SGH4101,Dadeland Mall
RF5AW4792MDIPMFD,SGH4942,Miami Int'l Airport 2nd fl
RF5AW4792MDIPMFD,SGH5355,Miami Int'l Airport Concourse
RF5AW4792MDIPMFD,SGH1701,The Falls 120
RF5AW4792MDIPMFD,SGH2102,The Falls 371
RF5AW4792MDIPMFD,SGH3291,Outlet Route 66
RF5AW4792MDIPMFD,SGH3293,Puerto Rico Premium Outlets
RF5AW4792MDIPMFD,SGH4411,Montehiedra Town Center
RF5AW4792MDIPMFD,SGH4642,Plaza Carolina
RF5AW4792MDIPMFD,SGH5290,Mayaguez Mall
RF5AW4792MDIPMFD,SGH5337,Old San Juan
RF5AW4792MDIPMFD,SGH5372,Las Catalinas Mall
RF5AW4792MDIPMFD,SGH4600,Plaza Las Americas
RF5AW4792MDIPMFD,SGH6125,Plaza Las Americas 552
RF5AW4792MDIPMFD,SGH3580,The Mall at Wellington Green
RF5AW4792MDIPMFD,SGH3682,Rosemay Square
RF5AW4792MDIPMFD,SGH4351,Vero Beach Fashion Outlets
RF5AW4792MDIPMFD,SGH5360,The Promenade at Coconut Creek
RF5AW4792MDIPMFD,SGH5537,207 E Atlantic Ave
RF5AW4792MDIPMFD,SGH3738,Palm Beach Fashion Outlets
RF5AW4792MDIPMFD,SGH4870,Palm Beach Fashion
RF5AW4792MDIPMFD,SGH3710,The Gardens Mall Q202
RF5AW4792MDIPMFD,SGH4063,Town Ctr at Boca Raton N
RF5AW4792MDIPMFD,SGH4523,Town Ctr at Boca Raton W
RF5AW4792MDIPMFD,SGH2859,Treasure Coast Sq West
RF5AW4792MDIPMFD,SGH4145,Coral Square Mall
RF5AW4792MDIPMFD,SGH4237,Treasure Coast Sq Kiosk
RF5AW4792MDIPMFD,SGH3024,Disney Springs-Flagship
RF5AW4792MDIPMFD,SGH3615,International Plaza and Bay Street
RF5AW4792MDIPMFD,SGH6000,Disney World-Magic Kingdom
RF5AW4792MDIPMFD,SGH5531,Orlando Int'l Premium Outlets 1D23
RF5AW4792MDIPMFD,SGH5809,Orlando Int'l Premium Outlets 3A32
RF5AW4792MDIPMFD,SGH6075,Orlando Int'l Premium Outlets 2D03
RF5AW4792MDIPMFD,SGH4345,Orlando Vineland Premium 1230
RF5AW4792MDIPMFD,SGH7177,Orlando Vineland Prem.
RF5AW4792MDIPMFD,SGH3945,The Mall at Millenia
RF5AW4792MDIPMFD,SGH4111,Tyrone Square Mall Center
RF5AW4792MDIPMFD,SGH4731,Tyrone Square Mall East
RF5AW4792MDIPMFD,SGH3446,Tampa Premium Outlets
RF5AW4792MDIPMFD,SGH3712,Brandon Town Center
RF5AW4792MDIPMFD,SGH1724,Countryside Mall
RF5AW4792MDIPMFD,SGH5707,Orlando Vineland Premium 1701
RF5AW4792MDIPMFD,SGH3450,Citrus Park Town Center
RF5AW4792MDIPMFD,SGH4067,The Florida Mall E
RF5AW4792MDIPMFD,SGH7184,The Florida Mall W
RF5AW4792MDIPMFD,SGH5349,The Shops at Wiregrass
RF5AW4792MDIPMFD,SGH7185,WestShore Plaza
RF5AW4792MDIPMFD,SGH5717,Disney World-Typhoon Lagoon
RF5AW4792MDIPMFD,SGH5719,Disney World-Blizzard Beach
RF5AW4792MDIPMFD,SGH3284,Sunrise Mall TX
RF5AW4792MDIPMFD,SGH3552,The Outlet Shoppes Laredo
RF5AW4792MDIPMFD,SGH4387,Victoria Mall
RF5AW4792MDIPMFD,SGH4599,Rivercenter Mall
RF5AW4792MDIPMFD,SGH5172,Alamo Quarry Market
RF5AW4792MDIPMFD,SGHF655,Fort Sam Houston
RF5AW4792MDIPMFD,SGH4579,La Palmera #1432
RF5AW4792MDIPMFD,SGH3895,La Plaza Mall #M01
RF5AW4792MDIPMFD,SGH4584,La Plaza Mall #Ki01
RF5AW4792MDIPMFD,SGH6078,La Plaza Mall #Q14C
RF5AW4792MDIPMFD,SGH6079,La Plaza Mall #F2
RF5AW4792MDIPMFD,SGH4336,North Star Mall
RF5AW4792MDIPMFD,SGH5234,Rio Grande Valley 600I
RF5AW4792MDIPMFD,SGH5810,Rio Grande Valley 600D
RF5AW4792MDIPMFD,SGH5012,The Shops at La Cantera 7780
RF5AW4792MDIPMFD,SGH5759,The Shops at La Cantera 2255
RF5AW4792MDIPMFD,SGH4566,Ingram Park Mall
RF5AW4792MDIPMFD,SGH4580,La Palmera #K5
RF5AW4792MDIPMFD,SGH4689,Mall del Norte