merchant_ari,financing_program_external_name,new_fp_internal_name,ends_at,merchant_default
0XQZQPG2DI1SV9PM,zero_6_12_standard_18,b2.9_6z12z18r_exp82_op93_cut96,,
0XQZQPG2DI1SV9PM,zero_3_6_12,b2.9_3z6z12z_exp82_op93_cut96,,
0XQZQPG2DI1SV9PM,zero_12_standard_24_36,b2.9_12z24r36r_exp82_op93_cut96,,
EBGX8CDMP4YCW9OD,variant_zero_12_18_24,b2.99_12z18z24z_exp87_op91_cut94_flatrate10.19,,
EBGX8CDMP4YCW9OD,variant_zero_3_6_12,b2.99_3z6z12z_exp87_op91_cut94_flatrate5.69,,
EBGX8CDMP4YCW9OD,variant_zero_6_12_18,b2.99_6z12z18z_exp87_op91_cut94,,
ZVJWC6MZNY8GJWWN,zero_6_12_standard_18_rbp,b1.5_6z12z18r_exp74_op92_cut95.3,,
ZVJWC6MZNY8GJWWN,zero_3_6_12_rbp,b1.5_3z6z12z_exp74_op92_cut95.3,,
UE7GSAUO4ZSVJ17Q,variant_zero_6_12_18,b2.99_6z12z18z_exp82_op91_cut94,,
UE7GSAUO4ZSVJ17Q,variant_zero_12_18_24,b2.99_12z18z24z_exp82_op91_cut94_flatrate10.19,,
UE7GSAUO4ZSVJ17Q,variant_zero_3_6_12,b2.99_3z6z12z_exp82_op91_cut94_flatrate5.69,,
CRFVHRTW6NCXY793,zero_3_6_12_incr_approval,b2.9_3z6z12z_exp81_op97_cut97,,
WISN42VFBRWQU0FJ,6z12z24r,b2.9_6z12z24r_exp88_op93_cut96,,
WISN42VFBRWQU0FJ,6z12z36r,b2.9_6z12z36r_exp88_op93_cut96,,
WISN42VFBRWQU0FJ,6z12z18z,b2.9_6z12z18z_exp88_op93_cut96,,
LWGKASO1U9UXFLAJ,variant_zero_6_12_24,b2.49_6z12z24r_exp81_op95_cut95,,
LWGKASO1U9UXFLAJ,variant_zero_6_12_36,b2.49_6z12z24r36r_exp81_op95_cut95,,
LWGKASO1U9UXFLAJ,variant_zero_6_12_18,b2.49_6z12z18r_exp81_op95_cut95,,
LWGKASO1U9UXFLAJ,zero_12_standard_24_36__48_mar21,b2.49_6z12z24r36r48r_exp81_op95_cut95,,
LWGKASO1U9UXFLAJ,variant_zero_3_6_12,b2.49_3z6z12z_exp81_op95_cut81,,
B45ZMRCL5FRB7AOR,zero_12_standard_24_36_mar21,b2.49_6z12z24r36r_exp81_op95_cut95,,
B45ZMRCL5FRB7AOR,zero_6_12_standard_18_mar21,b2.49_6z12z18r_exp81_op95_cut95,,
B45ZMRCL5FRB7AOR,zero_6_12_standard_24_mar21,b2.49_6z12z24r_exp81_op95_cut95,,
B45ZMRCL5FRB7AOR,zero_3_6_12_op93,b2.49_3z6z12z_exp81_op95_cut81,,
B45ZMRCL5FRB7AOR,zero_12_standard_24_36__48_mar21,b2.49_6z12z24r36r48r_exp81_op95_cut95,,
B45ZMRCL5FRB7AOR,zero_3_6_12_mar21,b2.49_3z6z12z_exp81_op95_cut81,,
RI6ZWWXFE769CTHE,3r6r12r_buydown,b3.3_3r6r12r_exp80_op92,,
RI6ZWWXFE769CTHE,3r6r12r18r36r_buydown,b3.3_3r6r12r18r36r_exp80_op92,,
RI6ZWWXFE769CTHE,3r6r12r18r24r_buydown,b3.3_3r6r12r18r24r_exp80_op92,,
RI6ZWWXFE769CTHE,3r6r12r18r_buydown,b3.3_3r6r12r18r_exp80_op92,,
UG72QEWFWBNL4USU,zero_3_6_standard_12,b2.99_3z6z12r_exp81_op97_cut98,,