public_api_key,merchant_ari,config_preset,fp_type,sms_keyword,instore_landing_page_url,display_name_prefix,display_name,expire_program
EMTVE9F1T7IARK12,H4XCQIRWT9LKIK9M,auto_jan29_0%_individual,0%,CoyleChevrolet,coylechevrolet,Coyle Dealer Group,,
OLG3ASY7EAMPFTXP,0BIJN8CDX7ACH8BB,auto_jan29_0%_individual,0%,ElkinsChevrolet,elkinschevrolet,,,
B836LZPOUTGT4BU0,EYLKYI7NMWSKABDQ,auto_jan29_0%_group,0%,Kia3,jackdanielskia,Jack Daniels Motors,,
37W1I6HWONKW6GS8,R07PNGLCG4X7MC0C,auto_jan29_0%_group,0%,VW7,jackdanielsvolkswagen,Jack Daniels Motors,,
E4V76WE9RI5ZX6ND,M3KRVC44OZ8TG58Z,auto_jan29_0%_group,0%,Porsche9,jackdanielsporsche,Jack Daniels Motors,,
2LU8HGV3VNLU25YI,7NI4JY0XOSSRFBCU,auto_jan29_0%_group,0%,Audi137,jackdanielsaudiofuppersaddleriver,Jack Daniels Motors,,
L6ISBRWGHON1YMUF,6JAHGPU11MOUFDMG,auto_jan29_0%_group,0%,Audi138,jackdanielsaudiofparamus,Jack Daniels Motors,,
TUPQRMILMJ1LBT0K,A2F4NCDFH1V1RCKW,auto_jan29_0%_individual,0%,Chrysler6,oceanchryslerdodgejeepram,,,
N3OY4QRC8C2PXBUR,GE91P0CJ6LADVVSL,auto_jan29_0%_group,0%,Cadillac3,germaincadillacofeaston,Germain Motor Cars,,
