merchant_ari,financing_program_name,financing_program_external_name,merchant_default,starts_at,ends_at
AGLAYPBWPPOXUA48,affirmgov3_delta0.0_exp50_op70_cut70_floor50,splitpay,TRUE,,
XG966KZKSXXF2MM6,affirmgov3_delta0.0_exp50_op70_cut70_floor50,splitpay,TRUE,,
10MFBTTOT2FW176P,affirmgov3_delta0.0_exp50_op70_cut70_floor50,splitpay,TRUE,,
VZUS64IU258WG24P,affirmgov3_delta0.0_exp50_op70_cut70_floor50,splitpay,TRUE,,
4D2HUGHC5AS4I2P1,affirmgov3_delta0.0_exp50_op70_cut70_floor50,splitpay,TRUE,,
NKA9CL9HZ2HEHHXU,affirmgov3_delta0.0_exp50_op70_cut70_floor50,splitpay,TRUE,,
IN2Z9ASXIFFM3TMW,affirmgov3_delta0.0_exp50_op70_cut70_floor50,splitpay,TRUE,,
L17HKLIA1YLVIYW5,affirmgov3_delta0.0_exp50_op70_cut70_floor50,splitpay,TRUE,,
MZRV18JQTBL5Y4MM,affirmgov3_delta0.0_exp50_op70_cut70_floor50,splitpay,TRUE,,
KNYEJJXOXKZKAWDL,affirmgov3_delta0.0_exp50_op70_cut70_floor50,splitpay,TRUE,,
A2DNT01REOS7EY2L,affirmgov3_delta0.0_exp50_op70_cut70_floor50,splitpay,TRUE,,
GJAHDQTNUYYP7XI7,affirmgov3_delta0.0_exp50_op70_cut70_floor50,splitpay,TRUE,,
YR7M8YR3B3HDV0L9,affirmgov3_delta0.0_exp50_op70_cut70_floor50,splitpay,TRUE,,
89KSJWBF6T3UTCJB,affirmgov3_delta0.0_exp50_op70_cut70_floor50,splitpay,TRUE,,