config_preset,auth_expiration_dt,platform,product_type,shipping_not_required,affirm_txn_fee_pct,vcn_enabled,vcn_offline,prequal_min_bound,prequal_max_bound,prequal_enabled,prequal_financing_program_uuid,prequal_financing_program,inactive,include_in_buy_search
auto,3,VCN App,In-store,y,0.0199,y,y,5000,700000,y,,,,
auto_ecom,8,,Ecommerce,,0.0199,,,,,y,,,,
audi,3,VCN App,In-store,y,0.0199,y,y,5000,700000,y,,,,
subaru,3,VCN App,In-store,y,0.0199,y,y,5000,700000,y,,,,
aamco,3,VCN App,In-store,y,0.0199,y,y,5000,700000,y,,,,
auto_upsell,3,VCN App,In-store,y,0.0299,y,y,5000,700000,y,,,,
auto_jan29_0%_group,3,VCN App,In-store,y,0.0169,y,y,5000,700000,y,,,,
auto_jan29_IB_group,3,VCN App,In-store,y,???,y,y,5000,700000,y,,,,
auto_jan29_0%_individual,3,VCN App,In-store,y,0.0269,y,y,5000,700000,y,,,,
auto_jan29_IB_individual,3,VCN App,In-store,y,???,y,y,5000,700000,y,,,,
auto_92_2.99_0%_honeymoon_1.99,3,VCN App,In-store,y,0.0169,y,y,5000,700000,y,,,,
auto_92_2.99_0%,3,VCN App,In-store,y,0.0169,y,y,5000,700000,y,,,,
auto_92_2.49_0%_honeymoon_1.49,3,VCN App,In-store,y,0.0119,y,y,5000,700000,y,,,,
auto_92_2.49_0%,3,VCN App,In-store,y,0.0119,y,y,5000,700000,y,,,,
auto_92_1.99_0%,3,VCN App,In-store,y,0.0069,y,y,5000,700000,y,,,,
asbury_91.5_2.99_0%,3,VCN App,In-store,y,0.0199,y,y,5000,700000,y,,,,
auto_92_2.19_0%,3,VCN App,In-store,y,0.0089,y,y,5000,700000,y,,,,
auto_92_2.49_2.29_0%,3,VCN App,In-store,y,0.0099,y,y,5000,700000,y,,,,
auto_92_2.99_2.79_0%,3,VCN App,In-store,y,0.0149,y,y,5000,700000,y,,,,
terminate,,,,,,,,,,,,,y,