config_preset,fp_type,honeymoon,financing_program_name,financing_program_external_name,merchant_default,starts_at,ends_at
auto,0%,,b3.49_6z12r24r_exp94_op94_cut96_flaterate4.49,hybrid_6_12_24,FALSE,,null
auto,0%,,b1.99_3z6r12r_exp94_op94_cut96,hybrid_3_6_12,TRUE,,null
auto,IB,,b1.79_6r12r24r_exp94_op94,hybrid_6_12_24,FALSE,,null
auto,IB,,default_3r6r12r_exp94,hybrid_3_6_12,TRUE,,null
auto_ecom,0%,,b3.49_6z12r24r_exp94_op94_cut96_flaterate4.49,hybrid_6_12_24,FALSE,,null
auto_ecom,0%,,b1.99_3z6r12r_exp94_op94_cut96,hybrid_3_6_12,TRUE,,null
auto_ecom,IB,,b1.79_6r12r24r_exp94_op94,hybrid_6_12_24,FALSE,,null
auto_ecom,IB,,default_3r6r12r_exp94,hybrid_3_6_12,TRUE,,null
audi,0%,,b3.49_6z12r24r_exp94_op94_cut96_flaterate4.49,hybrid_6_12_24,FALSE,,null
audi,0%,,b1.99_3z6r12r_exp94_op94_cut96,hybrid_3_6_12,TRUE,,null
audi,IB,,b1.79_6r12r24r_exp94_op94,hybrid_6_12_24,FALSE,,null
audi,IB,,default_3r6r12r_exp94,hybrid_3_6_12,TRUE,,null
subaru,0%,,b3.5_6z12r24r_exp93_op93_cut96_new,hybrid_6_12_24,FALSE,,null
subaru,0%,,0promo_3z6r12r_exp93_op93_cut96_0promo,hybrid_3_6_12,TRUE,,null
aamco,IB,,b2.99_3r6r12r_exp93_op93_aamco_new,3r6r12r_250_2k,TRUE,,null
aamco,IB,,b2.99_6r12r24r_exp93_op93,6r12r24r_2k_2500,FALSE,,null
aamco,IB,,b2.99_6r12r36r_exp93_op93,6r12r36r_2500+,FALSE,,null
custom_offsets,0%,,b2.5_3z6z12r_exp93.7_op93.7_cut96,3z6r12r_promo,FALSE,,2021-01-01T11:00:00
custom_offsets,0%,,b2.5_6z12r18r_exp93.7_op93.7_cut96_0promo,6z12r18r_promo,FALSE,,2021-01-01T11:00:00
custom_offsets,0%,,b2.5_6z12r24r_exp93.7_op93.7_cut96_0promo,6z12r24r_promo,FALSE,,2021-01-01T11:00:00
custom_offsets,0%,,b2.5_6z18r36r_exp93.7_op93.7_cut96_0promo,6z18r36r_promo,FALSE,,2021-01-01T11:00:00
auto_upsell,0%,,b3.49_6z12r24r_exp94_op94_cut96_flaterate4.49,hybrid_6_12_24,FALSE,,null
auto_upsell,0%,,b1.99_3z6r12r_exp94_op94_cut96,hybrid_3_6_12,TRUE,,null
auto_upsell,IB,,b1.79_6r12r24r_exp94_op94,hybrid_6_12_24,FALSE,,null
auto_upsell,IB,,default_3r6r12r_exp94,hybrid_3_6_12,TRUE,,null
dwr_36,0%,,b2.49_12z24r36r_exp94_op94_cut96_floor2500,12z_24r_36r,FALSE,,null
dwr_12,0%,,b2.49_3z6r12r_exp94_op94_cut96_flatrate3.29,3z_6r_12r,TRUE,,null
dwr_18,0%,,b2.49_6z12r18r_exp94_op94_cut96_flatrate2.75_floor1000,6z_12r_18r,FALSE,,null
dwr_24,0%,,b2.49_6z12r24r_exp94_op94_cut96_floor1490,6z_12r_24r,FALSE,,null
richemont_brands_ecom,0%,,affirmgov3_delta2.0_exp50_op70_cut70_floor50,split_pay,TRUE,,null
richemont_brands_ecom,0%,,b1.99_3z6r12r_exp94_op94_cut96_flatrate2.98,3z6r12r,FALSE,,null
richemont_brands_ecom,0%,,b1.99_6z12r18r_exp94_op94_cut96_flatrate3.70,6z12r18r,FALSE,,null
richemont_brands_ecom,0%,,b1.99_12z18r24r_exp94_op94_cut96_flatrate3.70,12z18r24r,FALSE,,null
richemont_brands_ecom,0%,,b1.99_12z18r36r_exp94_op94_cut96_flatrate3.70,12z18r36r,FALSE,,null
richemont_brands_telesales,0%,,affirmgov3_delta2.0_exp50_op70_cut70_floor50,split_pay,TRUE,,null
richemont_brands_telesales,0%,,b1.99_3z6r12r_exp94_op94_cut96_flatrate2.98,3z6r12r,FALSE,,null
richemont_brands_telesales,0%,,b1.99_6z12r18r_exp94_op94_cut96_flatrate3.70,6z12r18r,FALSE,,null
richemont_brands_telesales,0%,,b1.99_12z18r24r_exp94_op94_cut96_flatrate3.70,12z18r24r,FALSE,,null
richemont_brands_telesales,0%,,b1.99_12z18r36r_exp94_op94_cut96_flatrate3.70,12z18r36r,FALSE,,null
auto_jan29_0%_group,0%,,b1.99_3z6r12r_exp93_op93_cut96_flatrate,hybrid_3_6_12,TRUE,,null
auto_jan29_0%_group,0%,,b1.99_6z12r24r_exp93_op93_cut96_flatrate,hybrid_6_12_24,FALSE,,null
auto_jan29_IB_group,IB,,b1.99_3r6r12r_exp93_op93,hybrid_3_6_12,TRUE,,null
auto_jan29_IB_group,IB,,b1.99_6r12r24r_exp93_op93,hybrid_6_12_24,FALSE,,null
auto_jan29_0%_individual,0%,,b1.99_3z6r12r_exp93_op93_cut96_flatrate,hybrid_3_6_12,TRUE,,null
auto_jan29_0%_individual,0%,,b1.99_6z12r24r_exp93_op93_cut96_flatrate,hybrid_6_12_24,FALSE,,null
auto_jan29_IB_individual,IB,,b1.99_3r6r12r_exp93_op93,hybrid_3_6_12,TRUE,,null
auto_jan29_IB_individual,IB,,b1.99_6r12r24r_exp93_op93,hybrid_6_12_24,FALSE,,null
auto_92_2.99_0%_honeymoon_1.99,0%,TRUE,b2.99_3z6r12r_exp92_op92_cut96,hybrid_3_6_12_honeymoon,FALSE,,
auto_92_2.99_0%_honeymoon_1.99,0%,TRUE,b2.99_6z12r24r_exp92_op92_cut96_hnm,hybrid_6_12_24_honeymoon,FALSE,,
auto_92_2.99_0%_honeymoon_1.99,0%,,b1.99_3z6r12r_exp92_op92_cut96_auto,hybrid_3_6_12,TRUE,,
auto_92_2.99_0%_honeymoon_1.99,0%,,b1.99_6z12r24r_exp92_op92_cut96_evgn,hybrid_6_12_24,FALSE,,
auto_92_2.99_0%,0%,,b1.99_3z6r12r_exp92_op92_cut96_auto,hybrid_3_6_12,TRUE,,
auto_92_2.99_0%,0%,,b1.99_6z12r24r_exp92_op92_cut96_evgn,hybrid_6_12_24,FALSE,,
auto_92_2.49_0%_honeymoon_1.49,0%,TRUE,b2.99_3z6r12r_exp92_op92_cut96,hybrid_3_6_12_honeymoon,FALSE,,
auto_92_2.49_0%_honeymoon_1.49,0%,TRUE,b2.99_6z12r24r_exp92_op92_cut96_hnm,hybrid_6_12_24_honeymoon,FALSE,,
auto_92_2.49_0%_honeymoon_1.49,0%,,b1.99_3z6r12r_exp92_op92_cut96_auto,hybrid_3_6_12,TRUE,,
auto_92_2.49_0%_honeymoon_1.49,0%,,b1.99_6z12r24r_exp92_op92_cut96_evgn,hybrid_6_12_24,FALSE,,
auto_92_2.49_0%,0%,,b1.99_3z6r12r_exp92_op92_cut96_auto,hybrid_3_6_12,TRUE,,
auto_92_2.49_0%,0%,,b1.99_6z12r24r_exp92_op92_cut96_evgn,hybrid_6_12_24,FALSE,,
auto_92_1.99_0%,0%,,b1.99_3z6r12r_exp92_op92_cut96_auto,hybrid_3_6_12,TRUE,,
auto_92_1.99_0%,0%,,b1.99_6z12r24r_exp92_op92_cut96_evgn,hybrid_6_12_24,FALSE,,
asbury_91.5_2.99_0%,0%,,b1.99_3z6r12r_exp94_op94_cut96_l3.5,hybrid_3_6_12,TRUE,,
asbury_91.5_2.99_0%,0%,,b3.49_6z12r24r_exp94_op94_cut96_flaterate4.49_lv1.2_lv2.2_11,hybrid_6_12_24,FALSE,,
auto_92_2.19_0%,0%,,b1.99_3z6r12r_exp92_op92_cut96_auto,hybrid_3_6_12,TRUE,,
auto_92_2.19_0%,0%,,b1.99_6z12r24r_exp92_op92_cut96_evgn,hybrid_6_12_24,FALSE,,
auto_92_2.49_2.29_0%,0%,,b1.99_3z6r12r_exp92_op92_cut96_auto,hybrid_3_6_12,TRUE,,
auto_92_2.49_2.29_0%,0%,,b1.99_6z12r24r_exp92_op92_cut96_flatrate,hybrid_6_12_24,FALSE,,
auto_92_2.99_2.79_0%,0%,,b1.99_3z6r12r_exp92_op92_cut96_auto,hybrid_3_6_12,TRUE,,
auto_92_2.99_2.79_0%,0%,,b1.99_6z12r24r_exp92_op92_cut96_flatrate,hybrid_6_12_24,FALSE,,