config_preset,name,priority,honeymoon,financing_program_external_name,start_date,end_date,experiment_name,rule_type,rule_data
auto,6-12-24 over $2000,1,,hybrid_6_12_24,,,,amount_in_range,"{""max_amount_cents"": 3000000,""min_amount_cents"": 200000}"
auto,3-6-12 up to $1999,1,,hybrid_3_6_12,,,,amount_in_range,"{""max_amount_cents"": 199999, ""min_amount_cents"": 0}"
auto_ecom,6-12-24 over $2000,1,,hybrid_6_12_24,,,,amount_in_range,"{""max_amount_cents"": 3000000,""min_amount_cents"": 200000}"
auto_ecom,3-6-12 up to $1999,1,,hybrid_3_6_12,,,,amount_in_range,"{""max_amount_cents"": 199999, ""min_amount_cents"": 0}"
audi,6-12-24 over $2000,1,,hybrid_6_12_24,,,,amount_in_range,"{""max_amount_cents"": 3000000,""min_amount_cents"": 200000}"
audi,3-6-12 up to $1999,1,,hybrid_3_6_12,,,,amount_in_range,"{""max_amount_cents"": 199999, ""min_amount_cents"": 0}"
subaru,6-12-24 over $2000,1,,hybrid_6_12_24,,,,amount_in_range,"{""max_amount_cents"": 3000000,""min_amount_cents"": 200000}"
subaru,3-6-12 up to $1999,1,,hybrid_3_6_12,,,,amount_in_range,"{""max_amount_cents"": 199999, ""min_amount_cents"": 0}"
aamco,3r6r12r_250_2k,1,,3r6r12r_250_2k,,,,amount_in_range,"{""max_amount_cents"": 199999,""min_amount_cents"": 0}"
aamco,6r12r24r_2k_2500,1,,6r12r24r_2k_2500,,,,amount_in_range,"{""max_amount_cents"": 249999,""min_amount_cents"": 200000}"
aamco,6r12r36r_2500+,1,,6r12r36r_2500+,,,,amount_in_range,"{""max_amount_cents"": 3000000,""min_amount_cents"": 250000}"
custom_offsets,0-1499.99 promo,1,,3z6r12r_promo,,"01-01-2021, 08:00AM",,amount_in_range,"{""max_amount_cents"": 149999,""min_amount_cents"": 0}"
custom_offsets,1500-1999.99 promo,1,,6z12r18r_promo,,"01-01-2021, 08:00AM",,amount_in_range,"{""max_amount_cents"": 199999,""min_amount_cents"": 150000}"
custom_offsets,2000-2999.99 promo,1,,6z12r24r_promo,,"01-01-2021, 08:00AM",,amount_in_range,"{""max_amount_cents"": 299999,""min_amount_cents"": 200000}"
custom_offsets,3000+ promo,1,,6z18r36r_promo,,"01-01-2021, 08:00AM",,amount_in_range,"{""max_amount_cents"": 3000000,""min_amount_cents"": 300000}"
richemont_brands_ecom,$50 - $500 ,1,,split_pay,,,,amount_in_range,"{
""max_amount_cents"": 49999,
""min_amount_cents"": 5000
}"
richemont_brands_ecom,$500 - $1500,1,,3z6r12r,,,,amount_in_range,"{
""max_amount_cents"": 149999,
""min_amount_cents"": 50000
}"
richemont_brands_ecom,$1500 - $2000,1,,6z12r18r,,,,amount_in_range,"{
""max_amount_cents"": 199999,
""min_amount_cents"": 150000
}"
richemont_brands_ecom,$2000 - $3000,1,,12z18r24r,,,,amount_in_range,"{
""max_amount_cents"": 299999,
""min_amount_cents"": 200000
}"
richemont_brands_ecom,$3000+,1,,12z18r36r,,,,amount_in_range,"{
""max_amount_cents"": 3000000,
""min_amount_cents"": 300000
}"
richemont_brands_telesales,$50 - $500 ,1,,split_pay,,,,amount_in_range,"{
""max_amount_cents"": 49999,
""min_amount_cents"": 5000
}"
richemont_brands_telesales,$500 - $1500,1,,3z6r12r,,,,amount_in_range,"{
""max_amount_cents"": 149999,
""min_amount_cents"": 50000
}"
richemont_brands_telesales,$1500 - $2000,1,,6z12r18r,,,,amount_in_range,"{
""max_amount_cents"": 199999,
""min_amount_cents"": 150000
}"
richemont_brands_telesales,$2000 - $3000,1,,12z18r24r,,,,amount_in_range,"{
""max_amount_cents"": 299999,
""min_amount_cents"": 200000
}"
richemont_brands_telesales,$3000+,1,,12z18r36r,,,,amount_in_range,"{
""max_amount_cents"": 3000000,
""min_amount_cents"": 300000
}"
auto_jan29_0%_group,6-12-24 over $2000,1,,hybrid_6_12_24,,,,amount_in_range,"{""max_amount_cents"": 3000000,""min_amount_cents"": 200000}"
auto_jan29_0%_group,3-6-12 up to $1999,1,,hybrid_3_6_12,,,,amount_in_range,"{""max_amount_cents"": 199999, ""min_amount_cents"": 0}"
auto_jan29_IB_group,6-12-24 over $2000,1,,hybrid_6_12_24,,,,amount_in_range,"{""max_amount_cents"": 3000000,""min_amount_cents"": 200000}"
auto_jan29_IB_group,3-6-12 up to $1999,1,,hybrid_3_6_12,,,,amount_in_range,"{""max_amount_cents"": 199999, ""min_amount_cents"": 0}"
auto_jan29_0%_individual,6-12-24 over $2000,1,,hybrid_6_12_24,,,,amount_in_range,"{""max_amount_cents"": 3000000,""min_amount_cents"": 200000}"
auto_jan29_0%_individual,3-6-12 up to $1999,1,,hybrid_3_6_12,,,,amount_in_range,"{""max_amount_cents"": 199999, ""min_amount_cents"": 0}"
auto_jan29_IB_individual,6-12-24 over $2000,1,,hybrid_6_12_24,,,,amount_in_range,"{""max_amount_cents"": 3000000,""min_amount_cents"": 200000}"
auto_jan29_IB_individual,3-6-12 up to $1999,1,,hybrid_3_6_12,,,,amount_in_range,"{""max_amount_cents"": 199999, ""min_amount_cents"": 0}"
auto_92_2.99_0%_honeymoon_1.99,honeymoon 3-6-12 up to $1999,1,TRUE,hybrid_3_6_12_honeymoon,,,,amount_in_range,"{""max_amount_cents"": 199999, ""min_amount_cents"": 0}"
auto_92_2.99_0%_honeymoon_1.99,honeymoon 6-12-24 over $2000,1,TRUE,hybrid_6_12_24_honeymoon,,,,amount_in_range,"{""max_amount_cents"": 3000000,""min_amount_cents"": 200000}"
auto_92_2.99_0%_honeymoon_1.99,3-6-12 up to $1999,1,,hybrid_3_6_12,,,,amount_in_range,"{""max_amount_cents"": 199999, ""min_amount_cents"": 0}"
auto_92_2.99_0%_honeymoon_1.99,6-12-24 over $2000,1,,hybrid_6_12_24,,,,amount_in_range,"{""max_amount_cents"": 3000000,""min_amount_cents"": 200000}"
auto_92_2.99_0%,3-6-12 up to $1999,1,,hybrid_3_6_12,,,,amount_in_range,"{""max_amount_cents"": 199999, ""min_amount_cents"": 0}"
auto_92_2.99_0%,6-12-24 over $2000,1,,hybrid_6_12_24,,,,amount_in_range,"{""max_amount_cents"": 3000000,""min_amount_cents"": 200000}"
auto_92_2.49_0%_honeymoon_1.49,honeymoon 3-6-12 up to $1999,1,TRUE,hybrid_3_6_12_honeymoon,,,,amount_in_range,"{""max_amount_cents"": 199999, ""min_amount_cents"": 0}"
auto_92_2.49_0%_honeymoon_1.49,honeymoon 6-12-24 over $2000,1,TRUE,hybrid_6_12_24_honeymoon,,,,amount_in_range,"{""max_amount_cents"": 3000000,""min_amount_cents"": 200000}"
auto_92_2.49_0%_honeymoon_1.49,3-6-12 up to $1999,1,,hybrid_3_6_12,,,,amount_in_range,"{""max_amount_cents"": 199999, ""min_amount_cents"": 0}"
auto_92_2.49_0%_honeymoon_1.49,6-12-24 over $2000,1,,hybrid_6_12_24,,,,amount_in_range,"{""max_amount_cents"": 3000000,""min_amount_cents"": 200000}"
auto_92_2.49_0%,3-6-12 up to $1999,1,,hybrid_3_6_12,,,,amount_in_range,"{""max_amount_cents"": 199999, ""min_amount_cents"": 0}"
auto_92_2.49_0%,6-12-24 over $2000,1,,hybrid_6_12_24,,,,amount_in_range,"{""max_amount_cents"": 3000000,""min_amount_cents"": 200000}"
auto_92_1.99_0%,3-6-12 up to $1999,1,,hybrid_3_6_12,,,,amount_in_range,"{""max_amount_cents"": 199999, ""min_amount_cents"": 0}"
auto_92_1.99_0%,6-12-24 over $2000,1,,hybrid_6_12_24,,,,amount_in_range,"{""max_amount_cents"": 3000000,""min_amount_cents"": 200000}"
asbury_91.5_2.99_0%,3-6-12 up to $1999,1,,hybrid_3_6_12,,,,amount_in_range,"{""max_amount_cents"": 199999, ""min_amount_cents"": 0}"
asbury_91.5_2.99_0%,6-12-24 over $2000,1,,hybrid_6_12_24,,,,amount_in_range,"{""max_amount_cents"": 3000000,""min_amount_cents"": 200000}"
auto_92_2.19_0%,3-6-12 up to $1999,1,,hybrid_3_6_12,,,,amount_in_range,"{""max_amount_cents"": 3000000,""min_amount_cents"": 200000}"
auto_92_2.19_0%,6-12-24 over $2000,1,,hybrid_6_12_24,,,,amount_in_range,"{""max_amount_cents"": 3000000,""min_amount_cents"": 200000}"
auto_92_2.49_2.29_0%,3-6-12 up to $1999,1,,hybrid_3_6_12,,,,amount_in_range,"{""max_amount_cents"": 3000000,""min_amount_cents"": 200000}"
auto_92_2.49_2.29_0%,6-12-24 over $2000,1,,hybrid_6_12_24,,,,amount_in_range,"{""max_amount_cents"": 3000000,""min_amount_cents"": 200000}"
auto_92_2.99_2.79_0%,3-6-12 up to $1999,1,,hybrid_3_6_12,,,,amount_in_range,"{""max_amount_cents"": 3000000,""min_amount_cents"": 200000}"
auto_92_2.99_2.79_0%,6-12-24 over $2000,1,,hybrid_6_12_24,,,,amount_in_range,"{""max_amount_cents"": 3000000,""min_amount_cents"": 200000}"