config_preset,instore_landing_page_url,is_estimated_tax_rate_active,estimated_tax_rate,is_instore_page_active,sandbox_enabled,instore_presentation_config,sms_instore_enabled,sms_instore_link_template
auto,,y,0.13,y,y,"{""can_edit_loan_amount"": true, ""faq_questions"": {""enter_amount_page"": [], ""payment_instrument_page"": [], ""prequal_success_page"": [], ""return_page"": []}, ""faq_title"": """", ""payment_instrument_page_subtitle"": """", ""payment_instrument_page_title"": """", ""payment_instrument_type"": ""card""}",y,Affirm: Get started at {{url}}
auto_ecom,,,,,,,,
audi,,y,0.13,y,y,"{""can_edit_loan_amount"": true, ""faq_questions"": {""enter_amount_page"": [], ""payment_instrument_page"": [], ""prequal_success_page"": [], ""return_page"": []}, ""faq_title"": """", ""payment_instrument_page_subtitle"": """", ""payment_instrument_page_title"": """", ""payment_instrument_type"": ""card""}",y,Affirm: Get started at {{url}}
subaru,,y,0.13,y,y,"{""can_edit_loan_amount"": true, ""faq_questions"": {""enter_amount_page"": [], ""payment_instrument_page"": [], ""prequal_success_page"": [], ""return_page"": []}, ""faq_title"": """", ""payment_instrument_page_subtitle"": """", ""payment_instrument_page_title"": """", ""payment_instrument_type"": ""card""}",y,Affirm: Get started at {{url}}
auto_upsell,,y,0.13,y,y,"{""can_edit_loan_amount"": true, ""faq_questions"": {""enter_amount_page"": [], ""payment_instrument_page"": [], ""prequal_success_page"": [], ""return_page"": []}, ""faq_title"": """", ""payment_instrument_page_subtitle"": """", ""payment_instrument_page_title"": """", ""payment_instrument_type"": ""card""}",y,Affirm: Get started at {{url}}
auto_jan29_0%_group,,y,0.13,y,y,"{""can_edit_loan_amount"": true, ""faq_questions"": {""enter_amount_page"": [], ""payment_instrument_page"": [], ""prequal_success_page"": [], ""return_page"": []}, ""faq_title"": """", ""payment_instrument_page_subtitle"": """", ""payment_instrument_page_title"": """", ""payment_instrument_type"": ""card""}",y,Affirm: Get started at {{url}}
auto_jan29_IB_group,,y,0.13,y,y,"{""can_edit_loan_amount"": true, ""faq_questions"": {""enter_amount_page"": [], ""payment_instrument_page"": [], ""prequal_success_page"": [], ""return_page"": []}, ""faq_title"": """", ""payment_instrument_page_subtitle"": """", ""payment_instrument_page_title"": """", ""payment_instrument_type"": ""card""}",y,Affirm: Get started at {{url}}
auto_jan29_0%_individual,,y,0.13,y,y,"{""can_edit_loan_amount"": true, ""faq_questions"": {""enter_amount_page"": [], ""payment_instrument_page"": [], ""prequal_success_page"": [], ""return_page"": []}, ""faq_title"": """", ""payment_instrument_page_subtitle"": """", ""payment_instrument_page_title"": """", ""payment_instrument_type"": ""card""}",y,Affirm: Get started at {{url}}
auto_jan29_IB_individual,,y,0.13,y,y,"{""can_edit_loan_amount"": true, ""faq_questions"": {""enter_amount_page"": [], ""payment_instrument_page"": [], ""prequal_success_page"": [], ""return_page"": []}, ""faq_title"": """", ""payment_instrument_page_subtitle"": """", ""payment_instrument_page_title"": """", ""payment_instrument_type"": ""card""}",y,Affirm: Get started at {{url}}
auto_92_2.99_0%_honeymoon_1.99,,y,0.13,y,y,"{""can_edit_loan_amount"": true, ""faq_questions"": {""enter_amount_page"": [], ""payment_instrument_page"": [], ""prequal_success_page"": [], ""return_page"": []}, ""faq_title"": """", ""payment_instrument_page_subtitle"": """", ""payment_instrument_page_title"": """", ""payment_instrument_type"": ""card""}",y,Affirm: Get started at {{url}}
auto_92_2.99_0%,,y,0.13,y,y,"{""can_edit_loan_amount"": true, ""faq_questions"": {""enter_amount_page"": [], ""payment_instrument_page"": [], ""prequal_success_page"": [], ""return_page"": []}, ""faq_title"": """", ""payment_instrument_page_subtitle"": """", ""payment_instrument_page_title"": """", ""payment_instrument_type"": ""card""}",y,Affirm: Get started at {{url}}
auto_92_2.49_0%_honeymoon_1.49,,y,0.13,y,y,"{""can_edit_loan_amount"": true, ""faq_questions"": {""enter_amount_page"": [], ""payment_instrument_page"": [], ""prequal_success_page"": [], ""return_page"": []}, ""faq_title"": """", ""payment_instrument_page_subtitle"": """", ""payment_instrument_page_title"": """", ""payment_instrument_type"": ""card""}",y,Affirm: Get started at {{url}}
auto_92_2.49_0%,,y,0.13,y,y,"{""can_edit_loan_amount"": true, ""faq_questions"": {""enter_amount_page"": [], ""payment_instrument_page"": [], ""prequal_success_page"": [], ""return_page"": []}, ""faq_title"": """", ""payment_instrument_page_subtitle"": """", ""payment_instrument_page_title"": """", ""payment_instrument_type"": ""card""}",y,Affirm: Get started at {{url}}
auto_92_1.99_0%,,y,0.13,y,y,"{""can_edit_loan_amount"": true, ""faq_questions"": {""enter_amount_page"": [], ""payment_instrument_page"": [], ""prequal_success_page"": [], ""return_page"": []}, ""faq_title"": """", ""payment_instrument_page_subtitle"": """", ""payment_instrument_page_title"": """", ""payment_instrument_type"": ""card""}",y,Affirm: Get started at {{url}}
asbury_91.5_2.99_0%,,y,0.13,y,y,"{""can_edit_loan_amount"": true, ""faq_questions"": {""enter_amount_page"": [], ""payment_instrument_page"": [], ""prequal_success_page"": [], ""return_page"": []}, ""faq_title"": """", ""payment_instrument_page_subtitle"": """", ""payment_instrument_page_title"": """", ""payment_instrument_type"": ""card""}",y,Affirm: Get started at {{url}}
auto_92_2.19_0%,,y,0.13,y,y,"{""can_edit_loan_amount"": true, ""faq_questions"": {""enter_amount_page"": [], ""payment_instrument_page"": [], ""prequal_success_page"": [], ""return_page"": []}, ""faq_title"": """", ""payment_instrument_page_subtitle"": """", ""payment_instrument_page_title"": """", ""payment_instrument_type"": ""card""}",y,Affirm: Get started at {{url}}
auto_92_2.49_2.29_0%,,y,0.13,y,y,"{""can_edit_loan_amount"": true, ""faq_questions"": {""enter_amount_page"": [], ""payment_instrument_page"": [], ""prequal_success_page"": [], ""return_page"": []}, ""faq_title"": """", ""payment_instrument_page_subtitle"": """", ""payment_instrument_page_title"": """", ""payment_instrument_type"": ""card""}",y,Affirm: Get started at {{url}}
auto_92_2.99_2.79_0%,,y,0.13,y,y,"{""can_edit_loan_amount"": true, ""faq_questions"": {""enter_amount_page"": [], ""payment_instrument_page"": [], ""prequal_success_page"": [], ""return_page"": []}, ""faq_title"": """", ""payment_instrument_page_subtitle"": """", ""payment_instrument_page_title"": """", ""payment_instrument_type"": ""card""}",y,Affirm: Get started at {{url}}