config_preset,parent_ari,child_ari
,5RXVT358YAEXSSA6,0T8EWOM2VX8XVSZJ
,5RXVT358YAEXSSA6,M55IYPOZOEV9VUGJ
,5RXVT358YAEXSSA6,GP45QE9JNQ3GGSLW
,3BQ9T1RO1JQRSKI8,SXM97SS4OEKA7X9D
,3BQ9T1RO1JQRSKI8,4UOEEYSBHZAU9N34
,5P2B2W78K89S470X,VCAVF8CEK82R0EQY
,GI0O6BQWMGNI6WW8,4W21YMI1PTFTPOVJ
,GI0O6BQWMGNI6WW8,663KV2ACDVEAWM2R
,GI0O6BQWMGNI6WW8,BIE5APSFNYS0CTLO
,FGQSURFP21BB5NFN,8R9TRHBYH7NHUIRP
,Y1PCLYN6Q9T607XX,NTZ8YAQYV3XKGAG0
,Y1PCLYN6Q9T607XX,E6THQ0XCJPHLK6EX
,Y1PCLYN6Q9T607XX,YZCDR9YR9YZFDBGY
,Y1PCLYN6Q9T607XX,EV8O4WD0YEQUBZ3N
,Y1PCLYN6Q9T607XX,DUJQK34F05AUG6ZR
,Y1PCLYN6Q9T607XX,W7B1A3TSV8S0BAO9
,KWL2HFHGWWS93LEI,WT7G5WFPL0T0MTEF
,ZSHLJ96Z96RPEM27,TTLW04HEYRRGFEFH
,7A47EYBX9HLZ3T55,7YVEWKSG3NW8XCLG
,7A47EYBX9HLZ3T55,6E2DOYQBI987VNNZ
,6WVTUMXP169BL9KJ,0P53UGE7EXSEGVF9
,6WVTUMXP169BL9KJ,BN9CUE7C9HWIVWG7
,E9OG48B2FAY1BI4G,DNX1RNSYO2O86VJK
,UIE8K2YVVQ3211W5,8EWZ859Y68MF2KZ7
,UIE8K2YVVQ3211W5,RC8WB36U7FFY74UA
,UIE8K2YVVQ3211W5,I1DV6H8NJW8XUIZ0
,UIE8K2YVVQ3211W5,BLSM0ZIW52OCUG9Z
,UIE8K2YVVQ3211W5,9JX9RITBRH29XFF5
,UIE8K2YVVQ3211W5,WS0ZJISHY62KB6VJ
,UIE8K2YVVQ3211W5,K8AH1LEP1R7597VT
,UIE8K2YVVQ3211W5,DS1X2CNA94HX1DU8
,UIE8K2YVVQ3211W5,UDDE3EYOC25VGDPT
,UIE8K2YVVQ3211W5,90V3ADXCKEOKV24D
,UIE8K2YVVQ3211W5,D1TK0Q6OOWHEMDZI
,UIE8K2YVVQ3211W5,8EVK9SNYVOOHGLNV
,UIE8K2YVVQ3211W5,K0GK7EVY96HAICXL
,UIE8K2YVVQ3211W5,KDGO6ATCRQJ2EHBY
,UIE8K2YVVQ3211W5,PA1W11HEBRBTU4H8
,UIE8K2YVVQ3211W5,7Y8SAX6R5H7XNDLX
,UIE8K2YVVQ3211W5,O641OE4DK6DM9ZSJ
,UIE8K2YVVQ3211W5,F3S3HE6FJJ43Q501
,UIE8K2YVVQ3211W5,RPGGAA1E0RVCF5DB
,UIE8K2YVVQ3211W5,87UGLLP4X93O44I4
,UIE8K2YVVQ3211W5,U34W3U624ZCXURI7
,UIE8K2YVVQ3211W5,IGW8FZ3BAT561432
,UIE8K2YVVQ3211W5,IFEKZ7I0NRNEKCN9
,UIE8K2YVVQ3211W5,DWJ04GH4JBWI9M26
,UIE8K2YVVQ3211W5,N6L31COJR0OFYIXM
,UIE8K2YVVQ3211W5,06T7Y1X6ELPKM7MB
,VTRW191FX9FX1KTP,EYLKYI7NMWSKABDQ
,VTRW191FX9FX1KTP,R07PNGLCG4X7MC0C
,VTRW191FX9FX1KTP,M3KRVC44OZ8TG58Z
,VTRW191FX9FX1KTP,7NI4JY0XOSSRFBCU
,VTRW191FX9FX1KTP,6JAHGPU11MOUFDMG
,NVWX6TVB6CVUN5QB,1S4V9AJNV57XW7RG
,WMCNZQ9EK5HYDHF9,X7NT6YOSAUK9IS3H
,WMCNZQ9EK5HYDHF9,HJL7PG80UH1R6YEO
,1956GG84LROTDQXB,GE91P0CJ6LADVVSL
,IE0781C4VZKMGA64,QKQCO5L7OATYXKFG
,G7BIU98THLPRGZ2E,1PAVZMI00R1BWC6H
,G7BIU98THLPRGZ2E,YUOPLO6WCU2JGUMW
,NLB4QQJ47SIO5EAP,DDUW6BFVWJ4CC9DM
,1MS7UNKNN0KOH895,QISBM8QY7MOX8O5T
,DE28W8YLP7QXNWMJ,VF05QZI8XOHGQU1O
,G9UEWQIPS08RVKKN,H4XCQIRWT9LKIK9M
,AWQOSV0OIXVK3XOF,W0X7496ESU3E1941
,AWQOSV0OIXVK3XOF,MLTTKSWP595GO62S
,AWQOSV0OIXVK3XOF,ZUZY46PEXLPPZXF2
,47VI2AHLLTT320UK,3MGEQIK51V7YAZ2G
,47VI2AHLLTT320UK,NJCDVUAVHAMXTQQF
,F9A8LCENGJDKR5VO,01AY35UET6B01HOQ
,F9A8LCENGJDKR5VO,E1YMEFR69NGVG340
,F9A8LCENGJDKR5VO,07LSES20THNXJVUK
,GGGJQLKUYD6DS6MV,HKF5JHGMERFJTX58
,GGGJQLKUYD6DS6MV,45CZZ6N8CG9DVA3U
,GGGJQLKUYD6DS6MV,HLHNT75V495KUUJG
,GGGJQLKUYD6DS6MV,OYP1XN2J4S3POSTX
,GGGJQLKUYD6DS6MV,9PO56KB6QLM35EXJ
,GGGJQLKUYD6DS6MV,5LZOGY2X0AUD8J4M
,GGGJQLKUYD6DS6MV,XNLW12NCXP99GQ40
,GGGJQLKUYD6DS6MV,82MRHBQSWF2J9R1O
,GGGJQLKUYD6DS6MV,YFC4S4DRS2ZJRWOL
,GGGJQLKUYD6DS6MV,WDG2PR1RKAGRH4EZ
,GGGJQLKUYD6DS6MV,DRTQWAGHNKG3FK5Y
,GGGJQLKUYD6DS6MV,WRZY1G18YKGF2484
,GGGJQLKUYD6DS6MV,T6GL6G6GUZVOAL68
,ZSHLJ96Z96RPEM27,MSR1V8EYOHXB9X6N
,ZSHLJ96Z96RPEM27,JZXJRBC4GQMDNF3Q
,ZSHLJ96Z96RPEM27,71XG99MT7XF80R2P
,ZSHLJ96Z96RPEM27,N0JHESKOPXRHE6MA
,ZSHLJ96Z96RPEM27,DHN7IL7XGT31HBPX
,YKPRETK8WQZG5IR8,EFZ8GTJRALRSB3N0
,YKPRETK8WQZG5IR8,9N6QPZ0NOPJ3D1QK
,YKPRETK8WQZG5IR8,XI5N4WRQOM71SPPX
,ZRU1BFGBITOFH1RJ,K9G9KWROS3SVJ0KI
,ZRU1BFGBITOFH1RJ,TR5IKE78RUUINOU3
,ZRU1BFGBITOFH1RJ,VXMCXXYX9ZGKSQTJ
,ZRU1BFGBITOFH1RJ,69RCX5FTJTUYBOJ0
,EJ3VRMSRC8AENVEK,8RQPMUMR4Q92WO09
,XB0KSKKV7YFPN0EQ,R7AOU2FVEBJ2B5HE
,FJKHF8311I077LKL,YRIYFZLA8PW968S3
,FJKHF8311I077LKL,H7KA9F96G104U350
,FJKHF8311I077LKL,C89ZAO01MLFAWJOX
,FJKHF8311I077LKL,PWWC7MSSFF7P9SGP
,FJKHF8311I077LKL,AEH4884QSUYL4B4P
,FJKHF8311I077LKL,O262GBWFMEAS3DYW
,FJKHF8311I077LKL,X9UZW2NXPVQNBNX8
,FJKHF8311I077LKL,22R0Q73MHTJUXBRX
,FJKHF8311I077LKL,8ALAMRQF2YJJ8Y75
,5RXVT358YAEXSSA6,XXLM6U9NQT8OE0UY
,5RXVT358YAEXSSA6,YBNZDN186NOJ5GCC
,GI0O6BQWMGNI6WW8,WNFPUQ2LH9ZGG2PW
,0UL9YZO1DVB76C55,NE5RBEU12VZEK1OJ
,91DE93BO5VCUCL2T,NTPH24VZWY1S001Z
,ZRU1BFGBITOFH1RJ,Z4CSO4TQNR7796I3
,LH5I37G07Z70JA7O,PANX3GDHL9SQ86U7